{"name": "阿胶地黄丸", "provenance": "《冯氏锦囊•杂症》卷十一", "recipe": "熟地膏（用熟地1斤，将八两煮汁，去滓，入八两汁内，煮烂成膏），牡丹皮三两（焙），山茱萸四两（去核，酒拌蒸，晒干，炒），白茯苓三两（人乳拌透，晒干，焙），怀山药四两（炒黄），泽泻二两（淡盐水拌炒），麦门冬（去心）四两（炒），真阿胶三两（切块，蛤粉拌炒成珠）", "cook": "每服四钱，空心白汤或淡盐汤送下。", "use": "金水两脏受伤，咳嗽吐血。", "symptom": "金水两脏受伤，咳嗽吐血。", "reason": "无。", "ban": "无。", "alter": "无。"}