{"name": "阿胶膏", "provenance": "《圣惠》卷六", "recipe": "阿胶三两（捣碎，炒令黄燥，捣末），白羊肾3对（去筋膜，切，细研），杏仁三两（汤浸，去皮尖双仁，麸炒微黄，研如膏），薯蓣二两（捣为末），薤白1握，（细切），黄牛酥四两，羊肾脂四两（煮去滓）", "cook": "每服1茶匙，以暖酒调下，不拘时候。", "use": "肺气喘急，下焦虚伤。", "symptom": "肺气喘急，下焦虚伤。", "reason": "无。", "ban": "无。", "alter": "无。"}