{"name": "阿胶黄连汤", "provenance": "《重订通俗伤寒论》", "recipe": "陈阿胶4.5克（烊冲），生白芍6克，小川连1.8克（蜜炙），鲜生地18克，青子芩3克，鸡子黄1枚（先煎代水）", "cook": "水煎服。", "use": "伤寒邪传少阴，水为火烁，心烦不寐，肌肤枯燥，神气衰弱，咽干溺短，舌红尖绛，脉左细数，按之搏指，右脉反大而虚软者。", "symptom": "伤寒邪传少阴，水为火烁，心烦不寐，肌肤枯燥，神气衰弱，咽干溺短，舌红尖绛，脉左细数，按之搏指，右脉反大而虚软者。", "reason": "无。", "ban": "无。", "alter": "无。"}