{"name": "阿胶黄芩汤", "provenance": "《重订通俗伤寒论》", "recipe": "陈阿胶，青子芩各9克，甜杏仁，生桑皮各6克，生白芍3克，生甘草2.4克，鲜车前草，甘蔗梢各15克", "cook": "先用生糯米30克，开水泡取汁出，代水煎药。", "use": "秋燥。肺燥肠热，上则喉痒干咳，咳甚则痰粘带血，血色鲜红，胸胁串痰；下则腹热如焚，大便水泄如注，肛门热痛，甚或腹痛泄泻，泻必艰涩难行，似痢非痢，肠中切痛，有似鞭梗，按之痛甚，舌苔干燥起刺，兼有裂纹。", "symptom": "秋燥。肺燥肠热，上则喉痒干咳，咳甚则痰粘带血，血色鲜红，胸胁串痰；下则腹热如焚，大便水泄如注，肛门热痛，甚或腹痛泄泻，泻必艰涩难行，似痢非痢，肠中切痛，有似鞭梗，按之痛甚，舌苔干燥起刺，兼有裂纹。", "reason": "无。", "ban": "无。", "alter": "无。"}