{"name": "阿胶煎", "provenance": "《圣惠》卷四十六", "recipe": "阿胶二两（捣碎，炒令黄燥），薯蓣一两，白茯苓一两，天门冬一两半（去心，焙），贝母一两（煨微黄），酥一两，生地黄汁1升，生姜汁1合，白蜜2合，杏仁一两（汤浸，去皮尖双仁，麸炒微黄，研如膏）", "cook": "上药前5味为末，与后5味相和于银器中，以慢火熬令得所，用不津器盛，含半枣大咽津，不拘时候。", "use": "久咳嗽，唾脓血。", "symptom": "久咳嗽，唾脓血。", "reason": "无。", "ban": "无。", "alter": "无。"}