{"name": "阿胶煎丸", "provenance": "《幼幼新书》卷一引《灵苑方》", "recipe": "伏道艾（取叶去梗，捣熟，筛去粗皮，只取艾茸，称取二两，米醋煮1伏时，候干研成膏），阿胶三两（炙），糯米（炒）一两，大附子（炮，去皮脐）一两，枳壳（去瓤，麸炒）一两", "cook": "每服30丸，空心温酒送下，午食前再服。", "use": "大补益虚损不足，滋助血海。主治妇人血气久虚，孕胎不成。", "symptom": "大补益虚损不足，滋助血海。主治妇人血气久虚，孕胎不成。", "reason": "无。", "ban": "忌藻菜、羊血、腥臊等物。", "alter": "无。"}