{"name": "阿胶梅连丸", "provenance": "《宜明论方》卷十", "recipe": "金井阿胶（净草灰炒透明白，别研，不细者再炒，研细）乌梅肉（去核，炒）黄柏（锉，炒）黄连，当归（焙）赤芍药，干姜（炮）赤茯苓各15克", "cook": "上药研末，入阿胶研匀，水丸，如梧桐子大，小儿丸如绿豆大。每次10丸，空腹时用温米饮送下，一昼夜五六服。", "use": "阴虚下痢五色，腹痛，至夜发热。", "symptom": "阴虚下痢五色，腹痛，至夜发热。", "reason": "无。", "ban": "服药期间，忌食油腻。", "alter": "无。"}