{"name": "阿胶梅连丸", "provenance": "《宣明论》卷十", "recipe": "金井阿胶（净草灰炒透明白，别研，不细者，再炒，研细）半两，乌梅肉（去核，炒）半两，黄柏（锉，炒）半两，黄连半两，当归（焙）半两，赤芍药半两，干姜（炮）半两，赤茯苓半两", "cook": "阿胶黄连丸（《医略六书》卷二十五）。", "use": "五色痢至夜蒸热，脉虚沉数者。", "symptom": "五色痢至夜蒸热，脉虚沉数者。", "reason": "无。", "ban": "忌油腻脂肥诸物。", "alter": "无。"}