{"name": "阿胶散", "provenance": "《太平圣惠方》卷七十五", "recipe": "阿胶23克（捣碎，炒令黄燥），白茯苓23克，白术23克，当归，甘草7.5克（炙微赤，锉）", "cook": "上药捣筛为散。每服9克，以水250毫升，加生姜4克，大枣3枚，煎至150毫升，去滓，不计时候，稍热服。", "use": "妊娠胎动，腹中疠痛，不思饮食。", "symptom": "妊娠胎动，腹中疠痛，不思饮食。", "reason": "无。", "ban": "无。", "alter": "无。"}