{"name": "阿胶散", "provenance": "《小儿药证直诀》卷下", "recipe": "阿胶45克（麸炒），鼠粘子（炒香），甘草（炙）各7.5克，马兜铃15克（焙），杏仁7个（去皮，尖，炒），糯米30克（炒）", "cook": "每服3～6克，用水150毫升，煎至90毫升，食后温服。", "use": "养阴清肺，止咳平喘。小儿肺虚有火，咳嗽气喘，咽喉干燥，咯痰不爽，或痰中带血，舌红少苔，脉浮细数。", "symptom": "养阴清肺，止咳平喘。小儿肺虚有火，咳嗽气喘，咽喉干燥，咯痰不爽，或痰中带血，舌红少苔，脉浮细数。", "reason": "无。", "ban": "无。", "alter": "无。"}