{"name": "阿胶散", "provenance": "《妇人大全良方》卷十二", "recipe": "熟地黄60克，白芍药，艾叶，当归，甘草，阿胶，黄耆各30克（一方有川芎）", "cook": "每服15克，用水300毫升，加生姜3片，大枣1个，煎至210毫升，去滓温服，无时。", "use": "妊娠不问月数深浅，或因跌仆，或因毒药，胎动不安，腰痛腹满；或胎漏下血，短气乏力者。", "symptom": "妊娠不问月数深浅，或因跌仆，或因毒药，胎动不安，腰痛腹满；或胎漏下血，短气乏力者。", "reason": "无。", "ban": "无。", "alter": "无。"}