{"name": "阿胶散", "provenance": "《圣惠》卷七十四", "recipe": "阿胶半两（捣碎，炒令黄燥），陈橘皮半两（汤浸去白瓤，焙），半夏，赤芍药三分，麦门冬三分（去心）", "cook": "每服三钱，以水1中盏，加生姜半分，大枣3枚，煎至6分，去滓温服，不拘时候。", "use": "妊娠九月，伤寒烦热，或觉胎不稳，腹满悬急，腰疼不可转侧。", "symptom": "妊娠九月，伤寒烦热，或觉胎不稳，腹满悬急，腰疼不可转侧。", "reason": "无。", "ban": "无。", "alter": "无。"}