{"name": "阿胶散", "provenance": "《普济方》卷三四二引《保婴方》", "recipe": "熟地黄（洗，焙干）半两，白芍药半两，川芎半两，黄耆（去皮）半两，阿胶（锉，炒成珠）半两，香附子（炒）半两，当归（去芦，酒洗，焙干）半两，艾叶（炒）半两，甘草（炙）半两", "cook": "上㕮咀。每服九钱，以水2大盏，加生姜9片，大枣3枚，同煎1大盏，去滓，空心、食前热服。", "use": "妊娠不问月数浅深，或因倒仆所损，致令胎动不安，或胎气奔上，心腹疼痛，或胎下坠，腰脐疼痛，或时下血。", "symptom": "妊娠不问月数浅深，或因倒仆所损，致令胎动不安，或胎气奔上，心腹疼痛，或胎下坠，腰脐疼痛，或时下血。", "reason": "无。", "ban": "无。", "alter": "无。"}