{"name": "阿胶散子", "provenance": "《医方类聚》卷一三八引《四时纂要》", "recipe": "当归（锉碎，酒熬），黄连（去毛，净洗），诃子（煨，取肉），阿胶（慢火炙令泡起即止），甘草（浆水浸，炙之）各等分（上为细末），黄丹三两，白矾二两", "cook": "每服三钱匕，米饮调下。若要作丸子，以面糊为丸，如豌豆大。每服10丸。小儿疮，以人乳调涂，余疮干用。", "use": "痢疾；兼治一切疮。", "symptom": "痢疾；兼治一切疮。", "reason": "无。", "ban": "无。", "alter": "无。"}