{"name": "阿胶四苓散", "provenance": "《医略六书》卷二十八", "recipe": "阿胶三两（蒲黄灰炒），茯苓一两半，白术一两半（炒），猪苓一两半，泽泻一两半", "cook": "每服三钱，生地汁调下。", "use": "妊娠脾亏血热，扶湿热而血不归经，尿血不止，胎孕不安，脉弦涩者。", "symptom": "妊娠脾亏血热，扶湿热而血不归经，尿血不止，胎孕不安，脉弦涩者。", "reason": "无。", "ban": "无。", "alter": "无。"}