{"name": "阿胶汤", "provenance": "《圣济总录》卷九十六", "recipe": "阿胶（炙令燥，别捣末），人参各30克，干姜（炮）60克，远志（去心）120克，附子1枚（炮裂，去皮，脐），甘草（炙，锉）90克，大麻仁（烂研）175克", "cook": "每服18克，用水300毫升，煎至150毫升，去滓，入间胶末1.5克，更煎两沸，空腹时温服，一日三次。", "use": "肾虚小便多。", "symptom": "肾虚小便多。", "reason": "无。", "ban": "无。", "alter": "无。"}