{"name": "阿胶汤", "provenance": "《鸡峰普济方》卷十", "recipe": "猪苓，茯苓，泽泻，滑石，阿胶各30克，车前子15克", "cook": "每服15克，用水300毫升，煎至150毫升，去滓温服，不拘时。", "use": "血淋。心气留热，搏于小肠，血随小便出，每尿辄痛，心脉大散而数。", "symptom": "血淋。心气留热，搏于小肠，血随小便出，每尿辄痛，心脉大散而数。", "reason": "无。", "ban": "无。", "alter": "无。"}