{"name": "阿胶汤", "provenance": "《千金》卷二引《徐之才逐月养胎方》", "recipe": "阿胶四两，旋覆花2合，麦门冬1升，人参一两，吴茱萸7合，生姜六两，当归二两，芍药二两，甘草二两，黄芩二两", "cook": "旋覆花汤（《外台》卷三十三）。", "use": "妊娠五月，有热，苦头眩，心乱呕吐；有寒，苦腹满痛，小便数，卒有恐怖，四肢疼痛；寒热，胎动无常处，腹痛闷顿欲仆，卒有所下。", "symptom": "妊娠五月，有热，苦头眩，心乱呕吐；有寒，苦腹满痛，小便数，卒有恐怖，四肢疼痛；寒热，胎动无常处，腹痛闷顿欲仆，卒有所下。", "reason": "无。", "ban": "忌海藻、菘菜。", "alter": "无。"}