{"name": "阿胶汤", "provenance": "《医略六书》卷二十八", "recipe": "阿胶三钱（糯粉炒），人参一钱半，当归三钱，条芩一钱半（酒炒），白芍一钱半（酒炒），白术一钱半（炒），麦冬三钱（去心），生地五钱，炙草五分，苏梗三钱", "cook": "水6升，煮药减半，去滓，加清酒1升，并胶烊尽，煎取1升温服。肝虚，用鸡汁煮药。", "use": "怀妊五月，胎动无常处，脉滑疾按之不散者。", "symptom": "怀妊五月，胎动无常处，脉滑疾按之不散者。", "reason": "无。", "ban": "无。", "alter": "无。"}