{"name": "阿胶汤", "provenance": "《圣济总录》卷一五七", "recipe": "阿胶（炙令燥）一两，熟干地黄（焙）一两，艾叶（微炒）一两，芎一两，当归（切，焙）一两，杜仲（去皴皮，炙，锉）一两，白术一两", "cook": "每服四钱匕，水1盏半，加大枣3枚（擘破）同煎至8分，去滓，食前温服。", "use": "妊娠数堕胎，小腹㽲痛不可忍。", "symptom": "妊娠数堕胎，小腹㽲痛不可忍。", "reason": "无。", "ban": "忌猪肉，冷水、海藻、菘菜。", "alter": "无。"}