{"name": "阿胶丸", "provenance": "《圣济总录》卷七十六", "recipe": "阿胶（炙燥）半两，枳壳（去瓤，麸炒）半两，诃黎勒（煨，去核）一两，甘草（炙，锉）一两，干姜（炮）一两，芍药（炮）一两，黄连（去须，炒）一两，木香（一半生一半炒）一两，当归（切，焙）一两半，地榆（锉）一两半", "cook": "每服20丸，食前米饮送下。", "use": "赤白痢。", "symptom": "赤白痢。", "reason": "无。", "ban": "无。", "alter": "无。"}