{"name": "阿胶丸", "provenance": "《医略六书》卷三十", "recipe": "阿胶三两（蒲黄炒灰），丹参一两半（炒黑），川芎一两，鹿茸三两（炙灰），续断三两（炒灰），赤石腊三两（醋煅），龙骨三两（煅灰），当归三两，乌贼骨三两（煅）", "cook": "每服五钱，米饮煎，去滓温服。", "use": "产后崩漏不止，不能乳子，脉软者。", "symptom": "产后崩漏不止，不能乳子，脉软者。", "reason": "无。", "ban": "无。", "alter": "无。"}