{"name": "阿胶丸", "provenance": "《圣济总录》卷八十八", "recipe": "阿胶（炙令燥）一两，熟干地黄（焙）一两，山芋一两，羚羊角（屑）半两，柏子仁（研）半两，茯神（去木）半两，地骨皮半两，五味子半两，百合半两，丹参三分，远志（去心）三分，麦门冬（去心，焙）三分，人参三分，蛤蚧（蜜炙）1对", "cook": "每服1丸，水8分，煎至6分，放温时细呷服，食后、夜卧各1次。", "use": "虚劳咳嗽，发热羸瘦。", "symptom": "虚劳咳嗽，发热羸瘦。", "reason": "无。", "ban": "无。", "alter": "无。"}