{"name": "阿胶丸", "provenance": "《普济方》卷三八七引《全婴方》", "recipe": "阿胶一两（糯米1合炒焦，不用米），甘草（炙）半两，蛤粉（炒）半两，汉防己半两，杏仁（去皮，麸炒）半两，款冬花半两，香白芷半两，马兜铃半两，干姜一两（1方有干葛，无干姜）", "cook": "每服1丸，水煎服。", "use": "小儿久嗽，肺虚气粗，有痰，恶心不食。", "symptom": "小儿久嗽，肺虚气粗，有痰，恶心不食。", "reason": "无。", "ban": "无。", "alter": "无。"}