{"name": "阿胶丸", "provenance": "《医方类聚》卷一一七引《神巧万全方》", "recipe": "阿胶（麸炒）一两，菊花一两，白术一两，紫菀一两，酸枣仁（炒）一两，麻黄（去节）一两，桑白皮一两，杏仁二两（去皮，炒，研如膏），甘草（炙）半两，款冬花半两", "cook": "每服30丸，粥饮送下。", "use": "肝咳，睡卧不得。", "symptom": "肝咳，睡卧不得。", "reason": "无。", "ban": "无。", "alter": "无。"}