{"name": "阿胶丸", "provenance": "《鸡峰》卷十五", "recipe": "阿胶二两，熟地黄二两，牛膝二两，桂二钱，白芍药半两，五味子一两，黄耆一两，白茯苓一两，当归一两，人参一两，牡丹皮一两，芎一两（1方有白术一两）", "cook": "每服30丸，空心枣汤送下，1日2次。", "use": "生血顺气，出颜色，长肌肤，益筋力。主治气多血少，卫实荣虚，月信过期。", "symptom": "生血顺气，出颜色，长肌肤，益筋力。主治气多血少，卫实荣虚，月信过期。", "reason": "无。", "ban": "无。", "alter": "无。"}