{"name": "阿胶丸", "provenance": "《圣济总录》卷一六一", "recipe": "阿胶（炙令燥）半两，乱发灰（别研）半两，代赭（别研），干姜（炮）一两，马蹄半个（烧令烟尽），生干地黄（焙）一两一分，牛角腮（炙焦）二两", "cook": "每服20丸，空心粥饮送下，日午、夜卧再服，加至40丸。", "use": "产后恶露不绝，腹痛气急，及产蓐三十六疾。", "symptom": "产后恶露不绝，腹痛气急，及产蓐三十六疾。", "reason": "无。", "ban": "无。", "alter": "无。"}