{"name": "阿胶养血汤", "provenance": "《中医妇科治疗学》", "recipe": "阿胶珠二钱，泡参三钱，干地黄三钱，麦冬二钱，女贞二钱，旱莲草（炒）二钱，桑寄生五钱", "cook": "水煎，温服。", "use": "养血润燥。主治阴虚血燥，妊娠3-4月，有时头晕目眩，心悸烦躁，腰酸腹胀，大便干燥，舌质红，苔光滑或黄燥，脉细数而滑。", "symptom": "养血润燥。主治阴虚血燥，妊娠3-4月，有时头晕目眩，心悸烦躁，腰酸腹胀，大便干燥，舌质红，苔光滑或黄燥，脉细数而滑。", "reason": "无。", "ban": "无。", "alter": "无。"}