{"name": "阿胶饮子", "provenance": "《普济方》卷一五九引《圣惠》", "recipe": "人参半两，白术半两，当归，甘草半两，麦门冬半两，五味子半两，桑白皮半两，茯苓半两，阿胶一两", "cook": "每服五钱，以水1盏半，加生姜5片，同煎至7分，去滓温服，不拘时候。", "use": "荣卫俱虚，久嗽不止，发热自汗，气短怔忪，倦怠食少。", "symptom": "荣卫俱虚，久嗽不止，发热自汗，气短怔忪，倦怠食少。", "reason": "无。", "ban": "无。", "alter": "无。"}