{"name": "阿胶圆", "provenance": "《宋•太平惠民和剂局方》", "recipe": "麦门冬（去心），丹参，贝母（炒），防风（去芦.叉.头），柏子仁，茯神（去木），杜仲（去粗皮.炒），百部根，各半两，干山药，阿胶（炒），茯苓（去皮），熟干地黄，五味子，各一两，远志（去心），人参，各一分", "cook": "每服一圆，水一中盏，煎至六分，和滓温服，少少频呷，不拘时候。", "use": "治肺虚客热，咳嗽气急，胸中烦悸，肢体倦疼，咽干口燥，渴欲饮泠，多吐涎沫，或有鲜血，肌瘦发热，减食嗜卧。又治或因叫怒，或即房劳，肺胃致伤，吐血呕血，并宜服之。", "symptom": "治肺虚客热，咳嗽气急，胸中烦悸，肢体倦疼，咽干口燥，渴欲饮泠，多吐涎沫，或有鲜血，肌瘦发热，减食嗜卧。又治或因叫怒，或即房劳，肺胃致伤，吐血呕血，并宜服之。", "reason": "无。", "ban": "无。", "alter": "无。"}