{"name": "阿胶煮散", "provenance": "《普济方》卷三二八引《生育宝鉴》", "recipe": "阿胶一两，大芎一两，人参一两，白术一两，五味子一两，麦门冬一两，当归一两，茯苓一两，黄耆一两，续断一两，干地黄一两，甘草半两", "cook": "每剂8铢。妇人肝气攻冲，喘促咳嗽，入水煎，空心热服；若是血脏冷痛，赤白带下，加生姜2片，大枣1枚，水煎服；若补血，入枸杞子、覆盆子煎；若呕逆不思饮食，加草豆蔻煎，或丁香20枚，水煎服；若孕妇不安，加桑寄生枝一两，细锉拌匀，水煎服；若产后血多及半产下血，宫脏全虚，加白薇半两（微炙），苁蓉一两（细锉）内拌，水煎服；若是久患宫脏、骨节、腰腿、两胁逆痛，四肢少力，常患风寒，有如劳状候，加木香半两、鳖甲一两（醋炙），柴胡一两，并锉拌之。每服三钱，加生姜3片，水2盏，如茶法煎至7分，空心热服。", "use": "妇人宫脏百病。", "symptom": "妇人宫脏百病。", "reason": "无。", "ban": "无。", "alter": "无。"}