{"name": "阿魏膏", "provenance": "《痘疹传心录》卷十七页首", "recipe": "羌活五钱，独活五钱，玄参五钱，官桂五钱，当归五钱，青皮五钱，赤芍五钱，草乌五钱，半夏五钱，生地五钱，蓬术五钱，穿山甲（煅）五钱，草果五钱，大黄五钱，白芷五钱，红花五钱，川椒五钱，急性子五钱，水红花子五钱，土木鳖20斤（研），巴豆60粒（研），蓖麻子60粒（研），独头蒜一两（研）", "cook": "贴在胁下，火烘双手，熨100余手，出微汗妙。", "use": "小儿痞瘕。", "symptom": "小儿痞瘕。", "reason": "无。", "ban": "无。", "alter": "无。"}