{"name": "阿魏膏药", "provenance": "《秘传大麻风方》", "recipe": "防己一两五钱，荆芥一两，白芷一两，赤芍一两，当归一两，黄连一两，黄柏一两，风子肉一两，人参一两，连翘一两，蓬术一两，黑丑一两，寸香一钱，香油2斤，黄丹八两", "cook": "桃、槐、柳、榆、??各7条，长一寸，为膏听用。另以风子肉二两，川山甲八钱，乳香、没药、寸香各下，倾入瓶中收贮。", "use": "柘子疯，疮口烂，一应疮疖俱可用。", "symptom": "柘子疯，疮口烂，一应疮疖俱可用。", "reason": "无。", "ban": "无。", "alter": "无。"}