{"name": "阿魏化痞散", "provenance": "《外科正宗》卷四", "recipe": "川芎，当归，白术，赤茯苓，红花，阿魏，鳖甲尖（酥炙，研）各3克，大黄（酒炒）24克，养麦面30克（微炒）", "cook": "每服9克，空腹时用好酒酌量调稀服。", "use": "痞癖初起，腹中觉有小块，举动牵引作疼，久则渐大成形。", "symptom": "痞癖初起，腹中觉有小块，举动牵引作疼，久则渐大成形。", "reason": "无。", "ban": "无。", "alter": "无。"}