{"name": "阿魏雷丸散", "provenance": "《圣惠》卷二十四页首", "recipe": "阿魏一分（生用），雷丸半两，雄黄半两（细研），朱砂半两（细研），滑石半两，石胆一分（细研），消石半两（细研），白蔹一分，犀角屑半两，牛黄半两（细研），紫石英半两（细研，水飞过），斑蝥20枚（糯米拌炒米黄，去翅足），芫青20枚（糯米拌炒，米黄，去翅足）", "cook": "每服一钱，空心以清酒调下；饥即食小豆羹饭为良，切忌多食，食饱虫即散迟，日西腹空更服一钱；若觉小便似淋痛，不问早晚，即更服一钱；若觉欲小便如似痛涩，即就瓷器中尿，尿出看之，其虫或如烂筋状，各逐其脏，辨虫之颜色也。", "use": "大风出五虫癞，四色可治，唯黑虫不可治，宜先服此。", "symptom": "大风出五虫癞，四色可治，唯黑虫不可治，宜先服此。", "reason": "无。", "ban": "无。", "alter": "无。"}