{"name": "阿魏理中丸", "provenance": "《杨氏家藏方》卷五", "recipe": "阿魏一分（用面二匙，醋和阿魏作饼子，炙令黄），京三棱（煨，切）一两半，蓬莪术（煨，切）一两半，青橘皮（去白）一两半，陈橘皮（去白）一两半，甘草（炙）一两半，干姜（炮）一两半，干木瓜一两半，肉桂（去粗皮）一两半，白术一两半", "cook": "每服1丸，食前细嚼，生姜、木瓜盐汤送下；如妇人血气攻刺，煎干姜、当归汤嚼下。", "use": "一切冷气攻刺疼痛，心腹胀满，胃冷吐逆，脐腹撮痛。", "symptom": "一切冷气攻刺疼痛，心腹胀满，胃冷吐逆，脐腹撮痛。", "reason": "无。", "ban": "无。", "alter": "无。"}