{"name": "阿魏良姜丸", "provenance": "《洪氏集验方》引上官驻泊方", "recipe": "青皮三两，陈皮二两，良姜二两，红豆，草果子（去皮）二两，干姜（炮），莱菔子二两（炒），木香二两，硇砂半钱，阿魏一分（并硇砂用醋化，去砂石，研）", "cook": "每服50粒，淡姜汤送下，不拘时候，1日2次。若素来无沉寒积冷，去硇砂。", "use": "久服大补益脾胃，空膈，令人能食，去寒湿，强中温暖。主三脘气弱，中焦积寒，脾不磨，饮食迟化，吃物频伤，胸膈满闷，胁肋刺痛，呕吐哕逆，噫醋恶心，腹胀肠鸣，心腹疼痛，噎塞膈气，翻胃吐食，饮食减少，及素来有沉寒积冷，腹中时作疼痛。", "symptom": "久服大补益脾胃，空膈，令人能食，去寒湿，强中温暖。主三脘气弱，中焦积寒，脾不磨，饮食迟化，吃物频伤，胸膈满闷，胁肋刺痛，呕吐哕逆，噫醋恶心，腹胀肠鸣，心腹疼痛，噎塞膈气，翻胃吐食，饮食减少，及素来有沉寒积冷，腹中时作疼痛。", "reason": "无。", "ban": "无。", "alter": "无。"}