{"name": "阿魏散", "provenance": "《普济方》卷二三七", "recipe": "阿魏（研）一两，安息香（入胡桃相合，研）一两，甘草（炙，锉）半两，猪牙皂荚（涂酥炙令黄，去皮子）一两，木香，天灵盖（涂酥炙令黄色）半两，豉1合，麝香（研）半钱", "cook": "每服五钱，用童便1盏半，加葱白3寸，明日五更煎至一钱，空心在床服之，日午、夜食时再服。服药后良久，或得吐亦佳，有利下虫如发，或积聚五色秽恶物，是病根出。服药数日，如梦与人离别哭泣者，愈之兆也。患甚3日1剂，3剂愈。有患者，但收拾药物置病人床头边，如有此梦愈。", "use": "传尸劳病，胸满短气，肌体羸瘦无力，喘嗽不已。", "symptom": "传尸劳病，胸满短气，肌体羸瘦无力，喘嗽不已。", "reason": "无。", "ban": "忌桃、李、雀肉等。", "alter": "无。"}