{"name": "阿魏丸", "provenance": "《圣惠》卷七十一", "recipe": "阿魏三分，木香一两，槟榔一两，肉豆蔻半两（去壳），青橘皮三分（汤浸去白瓤，焙），当归一两（锉，微炒），诃黎勒一两（煨，用皮），桃仁三两（汤浸去皮尖双仁，研令如膏），丁香半两，附子半两（炮裂，去皮脐），桂心半两，白术三分", "cook": "每服20丸，以温生姜酒送下，不拘时候。", "use": "妇人脏气久虚，腹胀不能食。", "symptom": "妇人脏气久虚，腹胀不能食。", "reason": "无。", "ban": "无。", "alter": "无。"}