{"name": "阿魏丸", "provenance": "《重订严氏济生方》", "recipe": "木香（不见火）槟榔各15克，胡椒，阿魏（用醋化开，旋入）各7.5克", "cook": "每服40丸，不拘时候，用生姜、橘皮汤送下。", "use": "气积、肉积，心腹臌满，结块疼痛。或引胁肋疼痛，或痛连背膂，不思饮食者。", "symptom": "气积、肉积，心腹臌满，结块疼痛。或引胁肋疼痛，或痛连背膂，不思饮食者。", "reason": "无。", "ban": "无。", "alter": "无。"}