{"name": "阿魏丸", "provenance": "《博济》卷二", "recipe": "阿魏一两半，当归一两半（切，醋炒），官桂半两，陈皮半两（去白，细切，醋炒），白及三分，吴白芷半两，蓬术一两，延胡索半两（锉碎，醋炒），木香三分，吴茱萸半两（醋[FS:PAGE]炒），川芎半两（醋炒），附子半两（炮，去皮脐），干姜一两（炮），肉豆蔻三分（研细末），朱砂三分（研细末）", "cook": "每服5丸，温酒送下；橘皮汤亦可；妇人，醋汤送下。", "use": "男妇一切气攻刺疼痛，呼吸不得，大肠滑泄。", "symptom": "男妇一切气攻刺疼痛，呼吸不得，大肠滑泄。", "reason": "无。", "ban": "无。", "alter": "无。"}