{"name": "阿魏丸", "provenance": "《圣济总录》卷三十五", "recipe": "阿魏半分，麝香半分，雄黄半分，丹砂（4味并研）半分，鼠骨一分，牛骨一分，虎骨一分，兔骨一分，龙骨一分，蛇骨一分，马骨一分，羊骨一分，猴骨一分，鸡骨一分，犬骨一分，猪骨（十二味并酒炙，同为末）一分", "cook": "每服15丸，空心温酒送下。", "use": "劳疟久疟，连延不愈。", "symptom": "劳疟久疟，连延不愈。", "reason": "无。", "ban": "无。", "alter": "无。"}