{"name": "阿魏丸", "provenance": "《痧胀玉衡》卷下", "recipe": "玄胡索一两，苏木一两，五灵脂一两，天仙子一两，蓬术七钱，广皮七钱，枳实七钱，三棱七钱，厚朴七钱，槟榔七钱，姜黄七钱，乌药五钱，降香三钱，沉香三钱，阿魏二钱，香附四钱，卜子一两", "cook": "金七（《痧症全书》卷下）、七号晋象方（《杂病源流犀烛》卷二十一）。", "use": "食积壅阻痧毒，气滞血凝，疼痛难忍，头面黑色，手足俱肿，胸腹胀闷。", "symptom": "食积壅阻痧毒，气滞血凝，疼痛难忍，头面黑色，手足俱肿，胸腹胀闷。", "reason": "无。", "ban": "无。", "alter": "无。"}