{"name": "阿魏丸", "provenance": "《医方类聚》卷一一一引《济生续方》", "recipe": "木香（不见火）半两，槟榔半两，胡椒二钱半，阿魏（用醋化开，旋入）二钱半", "cook": "每服40丸，用生姜、橘皮汤送下，不拘时候。", "use": "气积、肉积，心腹膨满，结块疼痛，或引胁疼痛，或痛连背脊，不思饮食。", "symptom": "气积、肉积，心腹膨满，结块疼痛，或引胁疼痛，或痛连背脊，不思饮食。", "reason": "无。", "ban": "无。", "alter": "无。"}