{"name": "阿魏丸", "provenance": "《活人方》卷四", "recipe": "高良姜（东壁土炒）八两，黑牵牛八两，蓬术四两，赤豆四两，砂仁四两，三棱一两，青皮一两，陈皮一两，干姜一两，草豆蔻一两，槟榔一两，肉桂一两，真阿魏五钱", "cook": "每服一钱，午前、午后姜汤吞服。", "use": "男妇肠胃内外或食积、血积成块、虫积久聚，经络肌理之间，寒痰湿气留滞不通，久则成痞块，症瘕。", "symptom": "男妇肠胃内外或食积、血积成块、虫积久聚，经络肌理之间，寒痰湿气留滞不通，久则成痞块，症瘕。", "reason": "无。", "ban": "无。", "alter": "无。"}