{"name": "阿魏丸", "provenance": "《杏苑》卷六", "recipe": "茴香一两，青皮（去白）一两，甘草（炙）一两，橘红一两，蓬术一两，胡椒五钱，白芷五钱，肉桂五钱，缩砂仁五钱，丁香皮五钱，川芎一两，生姜四两（切片，用盐半两腌1宿，晒干，焙），阿魏二钱五分（用好醋浸烂，研入糊中）", "cook": "每服40丸。男气疼，用姜盐汤；女气疼，用醋汤，食远送下。", "use": "心腹疼痛，痃癖，男疝，女血气。", "symptom": "心腹疼痛，痃癖，男疝，女血气。", "reason": "无。", "ban": "无。", "alter": "无。"}