{"name": "阿魏万灵膏", "provenance": "《活人方》卷四", "recipe": "真芝麻油2斤四两（浸后药，春5，夏3，秋7，冬10日），当归一两，川芎一两，防风一两，白芷一两，肉桂一两，木鳖仁49粒，蓖麻仁25粒，巴豆仁49粒，穿山甲7大片，槐枝30寸，柳枝30寸", "cook": "凡用，看患之大小，摊厚青布上，先以水、姜擦过方贴，贴后以热手或热盐包熨之。", "use": "顽痰积蔽，风湿客邪，停滞于皮肤、分肉、经络遂道之间，或积累成块，或阻塞为痛，药石难攻，宜乎外治者用之。", "symptom": "顽痰积蔽，风湿客邪，停滞于皮肤、分肉、经络遂道之间，或积累成块，或阻塞为痛，药石难攻，宜乎外治者用之。", "reason": "无。", "ban": "无。", "alter": "无。"}