{"name": "阿魏消痞丸", "provenance": "《鳞爪集》卷二", "recipe": "连翘五两，麦芽十两，山楂肉五两，莱菔子十两，蒌仁十两，风化消二两五钱，六神曲十两，大贝母五两，黄连五钱，阿魏五钱（醋化），制南星十两，胡黄连五两，青盐二两", "cook": "每服1-二钱，开水送下，服后食胡桃肉，以解药气。", "use": "一切积滞不化，及症瘕痞块，小腹有形，按之则痛等症。", "symptom": "一切积滞不化，及症瘕痞块，小腹有形，按之则痛等症。", "reason": "无。", "ban": "无。", "alter": "无。"}