{"name": "阿魏雄黄丸", "provenance": "《圣济总录》卷三十五", "recipe": "阿魏（研）半两，雄黄（研）半两，柳枝（取向东者1-7茎，每茎长1尺，锉，焙，捣为细末），桃枝（取向东者1-7茎，每茎长1尺，锉，焙，捣为细末），丹砂（研）一分", "cook": "发时用净盏摩1丸，涂鼻尖并人中上，或未退，以冷水服1丸。须五月五日午时合。", "use": "鬼疟经久不愈。", "symptom": "鬼疟经久不愈。", "reason": "无。", "ban": "无。", "alter": "无。"}