{"name": "阿魏撞气丸", "provenance": "《医学入门》卷七", "recipe": "小茴一两，青皮一两，甘草一两，陈皮一两，莪术一两，川芎一两，生姜四两（用盐五钱，淹1宿），胡椒五钱，白芷五钱，肉桂五钱，砂仁五钱，丁香皮（炒）五钱", "cook": "每服3-5丸，男子气痛，炒姜盐汤送下；妇人血气痛，醋汤送下。", "use": "五种噎疾，九种心痛，痃癖气块，冷气攻刺，腹痛肠鸣，呕吐酸水，男子疝气，女人血气。", "symptom": "五种噎疾，九种心痛，痃癖气块，冷气攻刺，腹痛肠鸣，呕吐酸水，男子疝气，女人血气。", "reason": "无。", "ban": "无。", "alter": "无。"}