{"name": "挨积丸", "provenance": "《太平惠民和剂局方》卷十", "recipe": "京三棱（炮）90克，丁香皮（不见火）90克，丁香（不见火）青皮（去白）各30克，干姜（炮）巴豆（去皮，膜，油，研）各7.5克", "cook": "每服50～60丸，二岁儿可服7～10丸，生姜汤吞下，熟水亦得，不拘时候。", "use": "温中消积。小儿脾胃不和，宿滞不化，腹胀肠鸣，呕逆恶心，便利不调，乳食减少；或疳泻积泻，大便酸臭；亦治丈夫妇人胸膈不快，酒积食积，呕逆恶心，吐泻脾疼。", "symptom": "温中消积。小儿脾胃不和，宿滞不化，腹胀肠鸣，呕逆恶心，便利不调，乳食减少；或疳泻积泻，大便酸臭；亦治丈夫妇人胸膈不快，酒积食积，呕逆恶心，吐泻脾疼。", "reason": "无。", "ban": "无。", "alter": "无。"}