{"name": "挨积圆", "provenance": "《宋•太平惠民和剂局方》", "recipe": "京三棱（炮），丁香皮（不见火），各三两，丁香（不见火），青皮（去白），各一两，干姜（炮），巴豆（去皮.膜.油），各二钱半", "cook": "每服五十圆至六十圆，二岁儿可服七圆至十圆，生姜汤吞下，熟水亦得，不拘时候，更量儿岁数加减与之。", "use": "治小儿脾胃不和，宿滞不化，腹胀肠鸣，呕逆恶心，便利不调，乳食减少，或疳泻、积泻，大便酸臭。亦治丈夫、妇人胸膈不快，酒积、食积，呕逆恶心，吐泻脾疼。此药不用大黄、汞粉之类，并是性温之药，常服消积滞，进乳食，退黄长肌。", "symptom": "治小儿脾胃不和，宿滞不化，腹胀肠鸣，呕逆恶心，便利不调，乳食减少，或疳泻、积泻，大便酸臭。亦治丈夫、妇人胸膈不快，酒积、食积，呕逆恶心，吐泻脾疼。此药不用大黄、汞粉之类，并是性温之药，常服消积滞，进乳食，退黄长肌。", "reason": "无。", "ban": "无。", "alter": "无。"}