{"name": "艾附暖宫丸", "provenance": "《仁斋直指附遗》卷二十六", "recipe": "艾叶（大叶者，去枝，梗）90克，香附子（去毛）180克（俱要合时采者，用醋1升，以石罐煮一昼夜，捣烂为饼，慢火焙干）吴茱萸（去枝，梗）大川芎（雀脑者）白芍药（酒炒）黄耆（取黄色，白色软者）各60克，当归（酒洗）90克，续断（去芦）45克，生地黄30克（酒洗，焙干）官桂1.5克", "cook": "每服50～70丸，空腹时用淡醋汤送下。", "use": "温经暖官，养血安胎。妇人子宫虚冷，带下白浊，面色萎黄，四肢疼痛，倦怠无力，饮食减少，月经不调，血无颜色，肚腹时痛，久无子息。（不孕）", "symptom": "温经暖官，养血安胎。妇人子宫虚冷，带下白浊，面色萎黄，四肢疼痛，倦怠无力，饮食减少，月经不调，血无颜色，肚腹时痛，久无子息。（不孕）", "reason": "无。", "ban": "无。", "alter": "无。"}