{"name": "艾附暖宫丸", "provenance": "《直指附遗》卷二十六页", "recipe": "艾叶（大叶者，去枝梗）三两，香附（去毛）六两（俱要合时采者，用醋5升，以瓦罐煮1昼夜，捣烂为饼，慢火焙干），吴茱萸（去枝梗）二两，大川芎（雀胎者）二两，白芍药（用酒炒）二两，黄耆（取黄色，白色软者）二两，川椒（酒洗）三两，续断（去芦）一两五钱，生地黄（生用）一两（酒洗，焙干），官桂五钱", "cook": "每服50-70丸，食前淡醋汤送下。", "use": "温暖子宫，调经止痛。主妇人子宫虚冷，带下白淫，面色萎黄，四肢酸痛，倦怠无力，饮食减少，经脉不调，血无颜色，肚腹时痛，久无子息。", "symptom": "温暖子宫，调经止痛。主妇人子宫虚冷，带下白淫，面色萎黄，四肢酸痛，倦怠无力，饮食减少，经脉不调，血无颜色，肚腹时痛，久无子息。", "reason": "无。", "ban": "无。", "alter": "无。"}