{"name": "艾附暖宫丸", "provenance": "《回春》卷六", "recipe": "南香附米1斤（四两醋浸，四两汤浸，四两童便浸，四两酒浸，各浸1宿，焙干），北艾叶（焙干，捣烂，去灰，醋浸，炒）四两，当归一两，川芎一两，白芍（酒炒）一两，熟地黄（姜汁炒）一两，玄胡索子（炒）二两，甘草（生用）八钱", "cook": "每服70-80丸，空心米汤送下；酒亦可。", "use": "妇人子宫虚寒，经水不调，小腹时痛，赤白带下。", "symptom": "妇人子宫虚寒，经水不调，小腹时痛，赤白带下。", "reason": "无。", "ban": "无。", "alter": "无。"}