{"name": "艾附女珍丸", "provenance": "《简明医彀》卷七", "recipe": "香附五两（分4份：1童便，1米醋，1人乳，1盐酒浸），蕲艾（醋煮）二两，当归二两，川芎一两半，白芍一两半，熟地黄（酒蒸）一两半，黄芩一两半，阿胶（酒蒸）一两，臭椿根皮一两", "cook": "每服100丸，空心米汤送下。", "use": "妇人气盛血衰，经期不准，或前或后，紫多淡少，赤白带下，崩漏淋沥，面黄肌瘦，四肢无力，倦怠嗜卧，精神短少，目暗耳鸣，头眩懒言，五心烦热，咽干口燥，夜寐不安者。", "symptom": "妇人气盛血衰，经期不准，或前或后，紫多淡少，赤白带下，崩漏淋沥，面黄肌瘦，四肢无力，倦怠嗜卧，精神短少，目暗耳鸣，头眩懒言，五心烦热，咽干口燥，夜寐不安者。", "reason": "无。", "ban": "无。", "alter": "无。"}