{"name": "艾附四神丸", "provenance": "《中医妇科治疗学》", "recipe": "破故纸二钱，五味子一钱半，肉豆蔻（面炮）一钱，吴茱萸七分，炒陈艾二钱，厚附片二钱", "cook": "水煎，食远服。如胸脘不舒，去五味，加广皮。", "use": "温中暖脏。主妊娠虚寒，腰腹疼痛，精神不振，憎寒喜热，少腹冷，小便清长，食少，舌淡苔白，脉沉迟。", "symptom": "温中暖脏。主妊娠虚寒，腰腹疼痛，精神不振，憎寒喜热，少腹冷，小便清长，食少，舌淡苔白，脉沉迟。", "reason": "无。", "ban": "无。", "alter": "无。"}