{"name": "艾附丸", "provenance": "《济阴纲目》卷六", "recipe": "当归一两，芍药一两，熟地黄一两，生地黄一两，香附子一两，蕲艾一两，陈皮五钱，藿香五钱，白芷牡五钱，牡丹皮五钱，藁本五钱，丁皮三钱，木香三钱", "cook": "每服三钱，子宫冷，热酒送下；白浊，盐汤送下；产后积血，艾醋煎汤送下。", "use": "暖子宫。主宫冷不孕，白浊，产后积血。", "symptom": "暖子宫。主宫冷不孕，白浊，产后积血。", "reason": "无。", "ban": "无。", "alter": "无。"}