{"name": "艾煎丸", "provenance": "方出《千金》卷十，名见《三因》卷十", "recipe": "三月生艾1束（捣取汁，铜器中煎如漆，密封之），大黄6铢，黄连6铢，凝水石6铢，栝楼根6铢，苦参6铢，亭苈6铢", "cook": "千金丸（《普济方》卷一九六）。有热，加苦参；渴，加栝楼；小便涩，加葶苈；小便多，加凝水石；小便白，加黄连；大便难，加大黄，所加并倍之。", "use": "风疸，小便或黄或白，洒洒寒热，好卧不欲动；举身皆黄，其脉阳浮阴弱。", "symptom": "风疸，小便或黄或白，洒洒寒热，好卧不欲动；举身皆黄，其脉阳浮阴弱。", "reason": "无。", "ban": "无。", "alter": "无。"}