{"name": "艾煎丸", "provenance": "《杨氏家藏方》卷十五", "recipe": "艾叶（米醋浸1宿，炒焦）一两，陈橘皮（去白）一两，高良姜（挫，炒）一两，干姜（炒）一两，赤芍药一两，白芍药一两，吴茱萸（汤洗7遍，炒）一两，蓬莪术（煨，切）一两，龙骨一两，牡蛎（煅）一两", "cook": "每服50丸，空心、食前煎艾叶汤送下。", "use": "妇人血海", "symptom": "妇人血海", "reason": "无。", "ban": "无。", "alter": "无。"}