{"name": "艾煎丸", "provenance": "《三因》卷十八", "recipe": "食茱萸（汤洗）七钱半，当归七钱半，熟地黄一两半，白芍药一两半，石菖蒲（炒）一两，川芎一两，人参一两，熟艾四两（用糯米饮调作饼，焙）", "cook": "《得效》本方用法：用缩砂、香附汤送下。", "use": "常服补营卫、固经脉。主崩伤淋沥，小肠满痛；妇人室女经候不调，脐腹冷痛，腹常胀满，至晚则增。", "symptom": "常服补营卫、固经脉。主崩伤淋沥，小肠满痛；妇人室女经候不调，脐腹冷痛，腹常胀满，至晚则增。", "reason": "无。", "ban": "无。", "alter": "无。"}