{"name": "艾煎丸", "provenance": "《鸡峰》卷十六", "recipe": "艾青五两，干姜二两，附子一两", "cook": "每服20丸，空心醋汤送下。", "use": "常服补血脏，解劳倦，止疼痛，消胀满，厚肌肉。主冲任久虚，血海冷惫，脐腹疼痛，月候不匀，四肢怠堕，百节酸疼，饮食进退，下脏虚鸣，及妊娠不牢，赤白带下，面色萎黄，口淡无味，胸膈满闷。", "symptom": "常服补血脏，解劳倦，止疼痛，消胀满，厚肌肉。主冲任久虚，血海冷惫，脐腹疼痛，月候不匀，四肢怠堕，百节酸疼，饮食进退，下脏虚鸣，及妊娠不牢，赤白带下，面色萎黄，口淡无味，胸膈满闷。", "reason": "无。", "ban": "无。", "alter": "无。"}