{"name": "艾煎丸", "provenance": "《圣惠》卷四十三", "recipe": "熟艾1斤（末），木香一两，陈橘皮（汤浸，去白瓤，焙）一两，厚朴（去粗皮，涂生姜汁炙令香熟）一两，桃仁（汤浸，去皮尖双仁，麸炒微黄）一两，川椒（去目及闭合者，微炒去汗）一两，山茱萸一两，干姜（炮裂，锉）一两，柏子仁一两，吴茱萸（汤浸7遍，焙干，微炒）一两，附子（炮裂，去皮脐）一两，白术一两", "cook": "每服30丸，食前以粥饮送下。", "use": "久心痛，积年不愈，及冷气积块，少思饮食。", "symptom": "久心痛，积年不愈，及冷气积块，少思饮食。", "reason": "无。", "ban": "无。", "alter": "无。"}