{"name": "艾煎丸", "provenance": "《普济方》卷三四五引《卫生家宝》", "recipe": "艾叶（去梗）1斤，干姜半斤，当归四两（洗），白芍药半斤，熟干地黄四两（洗），附子2个（炮，去皮尖，切）", "cook": "每服30-50丸，食前酒送下。", "use": "妇人产后，血海虚弱，面无颜色，腹痛，身体倦怠。", "symptom": "妇人产后，血海虚弱，面无颜色，腹痛，身体倦怠。", "reason": "无。", "ban": "无。", "alter": "无。"}