{"name": "艾煎丸", "provenance": "《魏氏家藏方》卷十", "recipe": "吴茱萸（汤泡7次，炒）一两，当归（去芦，酒浸，微炒）一两，干姜（炮，洗）一两，厚朴（去粗皮，姜制，炙）一两，陈橘皮（去白）一两，茴香（淘去沙，炒）一两，牡蛎（煅）一两，官桂（去粗皮）一两，禹余粮石（煅，米醋淬7次，别研）四两，艾叶（米泔水浸，炒）四两，香附子二两（去毛，炒）", "cook": "每服50丸，空心艾醋汤送下。", "use": "妇人虚羸，子宫久冷。", "symptom": "妇人虚羸，子宫久冷。", "reason": "无。", "ban": "无。", "alter": "无。"}