{"name": "艾煎丸", "provenance": "《百一》卷十八", "recipe": "伏道艾（揉去尘土，择净枝梗，取叶）五两（先用大肥淮枣1二两，砂瓶内水煮烂，去核，同艾叶1处捣烂如泥，捻成薄饼子，猛火焙干，乘热急碾为末），大汉椒（去目，枝梗并合口者，取净）五两（以阿胶二两，米醋3升，同椒于砂瓶内煮极干，取出焙燥，碾为细末），当归（去芦及须，酒洗）一两，白芍药（真白者）一两，熟干地黄（净洗，漉去浮者，晒干，酒浸蒸晒，再入酒浸蒸5-7次，如糖，煎香美方可用）一两，川芎一两，白薇一两，附子（大者，炮，去皮脐）一两，卷柏（取青叶）一两，泽兰（去枝梗，取叶，上8味各焙干）一两", "cook": "每服50-70丸至100丸、200丸、空心、食前艾醋汤送下。", "use": "妇人一切虚寒，胎前产后赤白带下，或成血瘕。", "symptom": "妇人一切虚寒，胎前产后赤白带下，或成血瘕。", "reason": "无。", "ban": "无。", "alter": "无。"}