{"name": "艾煎丸", "provenance": "《普济方》卷三二三引《兰室秘藏》", "recipe": "北艾叶二两，大当归二两，香附子四两", "cook": "艾附丸（《医方大成》卷九引《澹寮》）。", "use": "妇人血虚气滞，月经不调，血气刺痛，腹胁胀满，头晕恶心，经闭、痛经，崩漏带下，便血症瘕；妇人诸虚。", "symptom": "妇人血虚气滞，月经不调，血气刺痛，腹胁胀满，头晕恶心，经闭、痛经，崩漏带下，便血症瘕；妇人诸虚。", "reason": "无。", "ban": "无。", "alter": "无。"}