{"name": "艾煎圆", "provenance": "《宋•太平惠民和剂局方》", "recipe": "人参，川芎，菖蒲（节.蜜炒），各一两，熟艾（糯米饮调作饼.焙干）四两，食茱萸（汤洗），当归，各七钱半，白芍药，熟干地黄，各一两半", "cook": "每服五十圆，酒、饮任下。", "use": "治崩伤淋沥，小肠满痛。常服补荣卫，固经脉。", "symptom": "治崩伤淋沥，小肠满痛。常服补荣卫，固经脉。", "reason": "无。", "ban": "无。", "alter": "无。"}