{"name": "艾硫丸", "provenance": "《杨氏家藏方》卷九", "recipe": "熟艾十两（用糯米1升煎成粥，浇在艾上，用手拌令匀，于日中晒干），附子（炮，去皮脐）二两，生硫黄（别研极细）二两，干姜十两（炮）", "cook": "每服30丸或50丸，食前温米饮送下。", "use": "去邪养正，补真益脾。主髓冷血虚，腰疼脚弱，及伤冷心腹疼痛，霍乱吐利，自汗气急，下元久虚，小便频数；妇人冲任不足，月水衍期，腹胁刺痛，崩漏带下，全不思饮食；兼治伤寒阴证，手足厥冷，脉微自汗。", "symptom": "去邪养正，补真益脾。主髓冷血虚，腰疼脚弱，及伤冷心腹疼痛，霍乱吐利，自汗气急，下元久虚，小便频数；妇人冲任不足，月水衍期，腹胁刺痛，崩漏带下，全不思饮食；兼治伤寒阴证，手足厥冷，脉微自汗。", "reason": "无。", "ban": "无。", "alter": "无。"}