{"name": "艾茸丸", "provenance": "《魏氏家藏方》卷十", "recipe": "白艾叶（细锉末，醋半盏同煮，醋尽为度）半两，当归（去芦，酒浸）半两，赤芍药半两，吴茱萸（汤泡7次，炒）半两，肉桂（去粗皮，不见火）半两，天雄（炮，去皮脐，锉，再炒）半两，没药（别研）半两，荜茇半两，木香（不见火）半两，沉香一分（不见火）", "cook": "每服50丸，空心温酒。盐汤送下。", "use": "妇人下脏久虚，沉寒痼疾。", "symptom": "妇人下脏久虚，沉寒痼疾。", "reason": "无。", "ban": "无。", "alter": "无。"}