{"name": "艾叶敷方", "provenance": "方出《圣惠》卷五十六，名见《圣济总录》卷一OO", "recipe": "艾叶", "cook": "着痛上，令厚2寸，以熨斗纳着灰火熨艾上，令热透，如冷即再熨之。", "use": "中恶，遁尸，心腹及身体痛甚不知痛处，手摸按之,即知痛处，短气不语。", "symptom": "中恶，遁尸，心腹及身体痛甚不知痛处，手摸按之,即知痛处，短气不语。", "reason": "无。", "ban": "无。", "alter": "无。"}