{"name": "艾叶散", "provenance": "《圣惠》卷五十九", "recipe": "艾叶一两（微炒），白石脂二两，白术三分，龙骨一两，当归一两（锉，微炒），干姜三分（炮裂，锉），附子一两（炮裂，去皮脐），吴茱萸一两（汤浸7遍，焙干，微炒），阿胶三分（捣碎，炒令黄燥），厚朴一两半（去粗皮，涂生姜汁炙令香熟）", "cook": "每服二钱，以粥饮调下，不拘时候。", "use": "久冷痢，食不消化，四肢不和，心腹多痛，少思饮食。", "symptom": "久冷痢，食不消化，四肢不和，心腹多痛，少思饮食。", "reason": "无。", "ban": "无。", "alter": "无。"}