{"name": "艾叶散", "provenance": "《圣惠》卷七十九", "recipe": "艾叶一两（微炒），黄柏三分（涂蜜微炙，锉），赤芍药三分，黄连三分（去须，微炒），地榆三分（挫），甘草半两（炙微赤，锉），干姜半两（炮裂，锉），阿胶三分（捣碎，炒令黄燥）", "cook": "每服二钱，以粥饮调下，日3-4次。", "use": "产后脓血痢久不愈，肠胃疼痛，不思饮食，渐加羸瘦。", "symptom": "产后脓血痢久不愈，肠胃疼痛，不思饮食，渐加羸瘦。", "reason": "无。", "ban": "无。", "alter": "无。"}