{"name": "艾叶散", "provenance": "《圣惠》卷七十二", "recipe": "艾叶（微炒）二两，阿魏（捣碎，炒令黄燥）二两，干姜（炮裂，锉）二两，当归（锉，微炒）二两，龙骨二两，黄耆（锉）二两，熟干地黄二两，甘草半两（炙微赤，锉）", "cook": "每服三钱，以水1中盏，加大枣3枚，煎至6分，去滓，食前温服。", "use": "妇人月水不断，吃食减少，四肢黄瘦。", "symptom": "妇人月水不断，吃食减少，四肢黄瘦。", "reason": "无。", "ban": "无。", "alter": "无。"}