{"name": "艾叶散", "provenance": "《圣惠》卷六十七", "recipe": "艾叶三分（炒），白芍药三分，熟干地黄一两，干姜半两（炮裂，锉），阿胶一两（捣碎，炒令黄燥），甘草一分（炙微赤，锉）", "cook": "每服五钱，以水1大盏，加竹茹1分，煎至5分，去滓温服，日3-4次。", "use": "从高坠下，伤于五脏，微者唾血，甚者吐血；及金疮伤经，血出不止。", "symptom": "从高坠下，伤于五脏，微者唾血，甚者吐血；及金疮伤经，血出不止。", "reason": "无。", "ban": "无。", "alter": "无。"}