{"name": "艾叶汤", "provenance": "《圣济总录》卷一五四", "recipe": "艾叶（炒）半两，黄芩（去黑心）半两，黄连（去须）一两，茯神（去木）一两，桑耳一两，代赭一两，厚朴（去粗皮，生姜汁炙，锉）一两，白茅根（切）一两，白芷一两，阿胶（炒燥）一两，白术三分", "cook": "每服五钱匕，水1盏半，加生姜5片，同煎至8分，去滓温服，不拘时候。", "use": "妊娠胎漏下血。", "symptom": "妊娠胎漏下血。", "reason": "无。", "ban": "无。", "alter": "无。"}