{"name": "艾叶汤", "provenance": "《千金》卷二", "recipe": "艾叶二两，丹参二两，当归二两，麻黄二两，人参三两，阿胶三两，甘草一两，生姜六两，大枣12枚", "cook": "本方方名，《外台》引作“艾汤”。", "use": "妊娠2月，中风寒，有所动摇，心满，脐下悬急，腰背强痛，卒有所下，乍寒乍热。", "symptom": "妊娠2月，中风寒，有所动摇，心满，脐下悬急，腰背强痛，卒有所下，乍寒乍热。", "reason": "无。", "ban": "无。", "alter": "无。"}