{"name": "艾叶汤", "provenance": "《圣济总录》卷一五六", "recipe": "艾叶（去梗，炙）一分，白芷一两，阿胶（炙令燥）一两，白术（锉，炒）一两，厚朴（去粗皮，生姜汁炙）一两，黄连（去须）一两，茯神（去木）一两半，地榆皮一两半，赤石脂（研）一两半，黄芩（去黑心）半两，肉豆蔻（去壳）1枚", "cook": "每服五钱匕，以水1盏半，加生姜5片，煎至8分，去滓温服。", "use": "妊娠下痢。", "symptom": "妊娠下痢。", "reason": "无。", "ban": "无。", "alter": "无。"}