{"name": "艾叶丸", "provenance": "《圣惠》卷八十", "recipe": "艾叶一两（微炒），熟干地黄二两，代赭石一两半（细研），干姜一两（炮裂，锉），芎藭一两，阿胶一两（捣碎，炒令黄燥），牛角（角思）二两（烧），牡蛎一两（烧为粉）", "cook": "每服30丸，食前以温酒送下。", "use": "产后恶露不绝，腹㽲痛，气息乏力。", "symptom": "产后恶露不绝，腹㽲痛，气息乏力。", "reason": "无。", "ban": "无。", "alter": "无。"}