{"name": "艾叶丸", "provenance": "《圣惠》卷五十九", "recipe": "艾叶一两（微炒），黄连一两（去须，微炒），木香一两，地榆一两（锉），伏龙肝一两，阿胶一两（捣碎，炒令黄燥），当归一两（锉，微炒），赤芍药一两，黄芩一两", "cook": "伏龙肝丸（《圣济总录》卷七十五）。", "use": "赤痢，腹痛不可忍。", "symptom": "赤痢，腹痛不可忍。", "reason": "无。", "ban": "无。", "alter": "无。"}