{"name": "安斑散", "provenance": "《幼幼新书》卷十八引张涣方", "recipe": "川升麻一两，赤茯苓一两，羌活一两，绵黄耆（锉）一两（去芦须），人参半两，枳壳（麸炒，去瓤）半两，桔梗半两，甘草（炙）半两", "cook": "每服一钱，水1盏，加紫草、薄荷各少许，煎5分，去滓温服。", "use": "凉血解毒，生肌宽肠，导热利小便，快膈。主疮疹。", "symptom": "凉血解毒，生肌宽肠，导热利小便，快膈。主疮疹。", "reason": "无。", "ban": "无。", "alter": "无。"}