{"name": "安冲汤", "provenance": "《医学衷中参西录》上册", "recipe": "白术18克（炒）生黄耆18克，生龙骨18克（捣细）生牡蛎18克（捣细）大生地18克，生杭芍9克，海螵蛸12克（捣细）茜草9克，川续断12克", "cook": "水煎服。", "use": "补气养血，固涩安冲。妇女月经过多，过期不止，或不时漏下。", "symptom": "补气养血，固涩安冲。妇女月经过多，过期不止，或不时漏下。", "reason": "无。", "ban": "无。", "alter": "无。"}