{"name": "安虫散", "provenance": "《小儿药证直诀》卷下", "recipe": "胡粉（炒黄）槟榔，川楝子（去皮，核）鹤虱（炒）各60克，白矾（铁器熬）7.5克，干漆（炒烟尽）15克，雄黄7.5克，巴豆霜7.5克", "cook": "上为细末。每服0.25～0.5克，温米饮调下，痛时服。", "use": "驱虫止痛。小儿虫积成团，腹中疼痛，肚腹胀满，大便秘结。（打虫）", "symptom": "驱虫止痛。小儿虫积成团，腹中疼痛，肚腹胀满，大便秘结。（打虫）", "reason": "无。", "ban": "无。", "alter": "无。"}