{"name": "安奠二天汤", "provenance": "《傅青主女科》卷下", "recipe": "人参30克（去芦）熟地30克（九蒸）白术30克（土炒）山药15克（炒）山萸15克（蒸，去核）炙草3克，杜仲9克（炒黑）枸杞6克，扁豆15克（炒，去皮）", "cook": "水煎服。", "use": "妊娠小腹作疼，胎动不安，如有下堕之状。", "symptom": "妊娠小腹作疼，胎动不安，如有下堕之状。", "reason": "无。", "ban": "无。", "alter": "无。"}