{"name": "安痘汤", "provenance": "《辨证录》卷十四", "recipe": "玄参五钱，当归三钱，连翘一钱，白芍二钱，丹皮二钱，荆芥二钱，甘菊花二钱，升麻五分，天花粉一钱", "cook": "水煎服。", "use": "散风热。主痘症发全，痘毒全无，收痂大愈之后，放心纵欲，饮食过伤，又兼风热，而致数日之后身复发热，通身发出红斑，痒甚，愈抓愈痒，先出大小不一如粟米之状，渐渐长大如红云片。", "symptom": "散风热。主痘症发全，痘毒全无，收痂大愈之后，放心纵欲，饮食过伤，又兼风热，而致数日之后身复发热，通身发出红斑，痒甚，愈抓愈痒，先出大小不一如粟米之状，渐渐长大如红云片。", "reason": "无。", "ban": "无。", "alter": "无。"}