{"name": "安儿至宝汤", "provenance": "《辨证录》卷十四", "recipe": "人参五钱，白术五钱，茯苓三钱，巴戟天三钱，附子一钱，麦芽一钱，枳壳三分，槟榔三钱，车前子二钱，白豆蔻三钱，扁豆二钱，萝卜子一钱", "cook": "水煎服。", "use": "小儿脾胃虚寒，上吐下泻，眼目上视，死亡顷刻．其状宛似慢惊风。", "symptom": "小儿脾胃虚寒，上吐下泻，眼目上视，死亡顷刻．其状宛似慢惊风。", "reason": "无。", "ban": "无。", "alter": "无。"}