{"name": "安肺散", "provenance": "《辨证录》卷九", "recipe": "麦冬五钱，桔梗二钱，生地三钱，白芍三钱，茯苓三钱，紫苏二钱，款冬花一钱，天门冬三钱，紫菀一钱，黄芩三钱，熟地三钱，山茱萸二钱，玄参五钱，贝母五分", "cook": "水煎服。", "use": "补肺气，滋肾水。主人有日坐于围炉烈火之边，肺金受火之伤，以致汗出不止，久则元气大虚，口渴引饮，发热者。", "symptom": "补肺气，滋肾水。主人有日坐于围炉烈火之边，肺金受火之伤，以致汗出不止，久则元气大虚，口渴引饮，发热者。", "reason": "无。", "ban": "无。", "alter": "无。"}