{"name": "安宫散", "provenance": "《永类钤方》卷十八引郑氏方", "recipe": "附子（炮）二钱，阿胶（炒）二钱，五味子二钱，黄耆（炙）二钱，山药二钱，当归二钱，熟地黄二钱，赤芍二钱，木香二钱，甘草（炙）二钱，生姜半两（炒黑），糯米1勺（炒焦）", "cook": "每服半两，苎根3寸，水煎，通口服。", "use": "安胎。主半产，妊娠血气虚弱，不能卫养，数月而堕。", "symptom": "安胎。主半产，妊娠血气虚弱，不能卫养，数月而堕。", "reason": "无。", "ban": "无。", "alter": "无。"}