{"name": "安魂散", "provenance": "《辨证录》卷十", "recipe": "桔梗三钱，甘草一钱，青黛五钱，百部一钱，山豆根一钱，人参三钱，茯苓五钱，天花粉三钱", "cook": "水煎服。", "use": "补土泻火，消痰逐邪。主肺气虚而中邪，目见鬼神，口出胡言，或说刀斧砍伤，或言弓矢射中，满身疼痛，呼号不已。", "symptom": "补土泻火，消痰逐邪。主肺气虚而中邪，目见鬼神，口出胡言，或说刀斧砍伤，或言弓矢射中，满身疼痛，呼号不已。", "reason": "无。", "ban": "无。", "alter": "无。"}