{"name": "安惊丸", "provenance": "《直指小儿》卷一引建阳刘参议方", "recipe": "远志肉（姜汁浸，焙）半两，净铁粉半两，朱砂半两，人参半两，茯神半两，全蝎21个（焙），南星（中者）1个（姜汁浸1宿，切细，焙），白附子（略炮）二钱半，花蛇头（酒浸肉，焙），麝半钱", "cook": "每服1丸，菖蒲、灯心煎汤调下。", "use": "诸惊风痫，或犬声异物，惊忤打坠，不省人事。", "symptom": "诸惊风痫，或犬声异物，惊忤打坠，不省人事。", "reason": "无。", "ban": "无。", "alter": "无。"}