{"name": "安厥汤", "provenance": "《辨证录》卷五", "recipe": "人参三钱，玄参一两，茯苓三钱，白薇一钱，麦冬五钱，生地五钱，天花粉三钱，炒栀子三钱，白芍一两，柴胡五分，甘草一钱", "cook": "水煎服。", "use": "阴血不归于阳气之中所致阳厥，日间忽然发热，一时厥去，手足冰凉，语言惶惑，痰迷心窍，头晕眼昏。", "symptom": "阴血不归于阳气之中所致阳厥，日间忽然发热，一时厥去，手足冰凉，语言惶惑，痰迷心窍，头晕眼昏。", "reason": "无。", "ban": "无。", "alter": "无。"}