{"name": "安坤赞育丸", "provenance": "《北京市中药成方选集》", "recipe": "桑寄生1六两，青毛鹿茸（去毛）9六两，乳香2四两，血余八两，艾炭3二两，紫河车80具（每具约一两五钱），蚕绵炭八两，大熟地6四两，杜仲3二两，茯苓3二两，桂圆肉40两，鸡血藤1六两，香附38四两，山茱萸3二两，鹿角胶2四两，锁阳3二两，鳖甲（炙）3二两，酸枣仁（生炒各半）6四两，白薇3二两，琥珀1六两，元胡（醋炙）3二两，白芍6四两，甘草1六两，鸡冠花2四两，枸杞子2四两，没药（炙）4八两，人参（去芦）八两，乌药1二两，牛膝5六两，补骨脂（盐炒）4四两，当归6四两，黄柏3二两，阿胶9六两，天冬4六两，藏红花三两二钱，黄耆2四两，菟丝子1六两，龟版（炙）3二两，秦艽3二两，川牛膝5六两，肉苁蓉2四两，鹿尾五两，沙参4八两（以上均下罐，用黄酒19十两蒸4昼夜），川断40两，川芎4八两，沉香5二两，泽泻3二两，丹参八两，黄芩40两，赤石脂2四两，于术4八两，木香（煨）2四两，大生地6四两，苏叶20两，柴胡2四两，橘皮5六两，肉果（煨）2四两，白术（炒）9六两，青蒿2四两，橘红3二两，远志（去心，炙）3二两，藁本2四两，阳春砂9六两，红花1六两（上为细末，铺槽揽匀，晒干）", "cook": "每服1丸，日3次，温开水送下。", "use": "益气调经。主妇女气虚血亏，经血不准，崩漏带下，腹痛腰酸，骨蒸潮热，面色痿黄。", "symptom": "益气调经。主妇女气虚血亏，经血不准，崩漏带下，腹痛腰酸，骨蒸潮热，面色痿黄。", "reason": "无。", "ban": "无。", "alter": "无。"}