{"name": "安坤赞育丸", "provenance": "《全国中药成药处方集》（济南方）", "recipe": "桑寄生八两，乳香八两，蕲艾八两，熟地八两，杜仲八两，制香附八两，山茱萸八两，鳖甲八两，没药八两，琥珀八两，白芍八两，乌药八两，当归八两，红花八两，龟版八两，泽泻八两，砂仁八两，柴胡八两，广陈皮八两，远志八两，酸枣仁八两，木香二两，川芎四两，沉香四两，青毛鹿茸四两", "cook": "每服1丸，白开水送下。", "use": "妇女月经不凋，崩漏带下，腰酸腹痛，面色萎黄。", "symptom": "妇女月经不凋，崩漏带下，腰酸腹痛，面色萎黄。", "reason": "无。", "ban": "无。", "alter": "无。"}