{"name": "安老汤", "provenance": "《傅青主女科》卷上", "recipe": "人参30克，黄耆30克（生用）大熟地30克（九蒸）白术15克（土炒）当归15克（酒洗）山茱萸15克（蒸）阿胶3克（蛤粉炒）黑芥穗3克，甘草3克，香附1.5克（酒炒）木耳炭3克", "cook": "水煎服。", "use": "益脾补肝，育阴止漏。老年妇女肝脾两虚，肾水亏耗，月经已绝，忽而复行，或下紫血块，或下血淋漓如红血淋。现用于生殖道炎症，子宫内膜息肉所致的绝经后子宫出血，见上述症状者。", "symptom": "益脾补肝，育阴止漏。老年妇女肝脾两虚，肾水亏耗，月经已绝，忽而复行，或下紫血块，或下血淋漓如红血淋。现用于生殖道炎症，子宫内膜息肉所致的绝经后子宫出血，见上述症状者。", "reason": "无。", "ban": "无。", "alter": "无。"}