{"name": "安露饮", "provenance": "《中医妇科治疗学》", "recipe": "生地三钱，丹参三钱，益母草三钱，乌贼骨六钱，茜草根（炒）一钱半，旱莲草三钱，炒蕲艾三钱", "cook": "水煎服。", "use": "养阴止血。主产后恶露不绝，量较多，色红且有腥臭，腹部偶而作胀，口干心烦，舌淡红苔黄，脉数，属血热者。", "symptom": "养阴止血。主产后恶露不绝，量较多，色红且有腥臭，腹部偶而作胀，口干心烦，舌淡红苔黄，脉数，属血热者。", "reason": "无。", "ban": "无。", "alter": "无。"}