{"name": "安眠汤", "provenance": "《临证医案医方》", "recipe": "夜交藤15g，合欢花9g，炒枣仁12g，龙齿9g，茯神9g，麦冬9g，石斛12g，珍珠母30g（先煎），白芍9g，夏枯草9g，朱砂1g（冲），琥珀1.5g（冲）", "cook": "水煎服", "use": "镇静，安神。主失眠，梦多，头昏，头胀，舌质红，脉细数。", "symptom": "镇静，安神。主失眠，梦多，头昏，头胀，舌质红，脉细数。", "reason": "无。", "ban": "无。", "alter": "无。"}