{"name": "安宁饮", "provenance": "《辨证录》卷三", "recipe": "玄参五钱，生地五钱，麦冬五钱，白薇一钱，骨碎补五钱，天门冬三钱", "cook": "水煎服。配合五灵至圣散含漱。", "use": "因过食肥甘，热气在胃，胃火日冲于口齿之间，而湿气乘之，湿热相搏而不散，虫生于牙而致齿牙破损而作痛，如行来行去者。", "symptom": "因过食肥甘，热气在胃，胃火日冲于口齿之间，而湿气乘之，湿热相搏而不散，虫生于牙而致齿牙破损而作痛，如行来行去者。", "reason": "无。", "ban": "无。", "alter": "无。"}