{"name": "安脾散", "provenance": "《百一》卷二", "recipe": "高良姜一两（以百年壁上土2-3合敲碎，用水2碗煮干，薄切成片），南木香半现，草果（面裹煨，去壳）半两，胡椒半两，白茯苓半两，白术半两，丁香（怀干）半两，人参（去芦）半两，陈橘皮（汤浸，去瓤）半两，甘草（炙）一两半", "cook": "每服2大钱，空心、食前米饮入盐点服；盐酒亦得。", "use": "翻胃吐食，及吃食咽酸，口吐黄水，曾经诸方不愈者。", "symptom": "翻胃吐食，及吃食咽酸，口吐黄水，曾经诸方不愈者。", "reason": "无。", "ban": "无。", "alter": "无。"}