{"name": "安全散", "provenance": "《魏氏家藏方》卷十", "recipe": "人参（去芦）一钱（焙），白术（炒）一两，白附子（炮）一两，南星（姜汁1碗煮干切片，炒）一两，天麻（炮）一两，辰砂（别研）一两，当归（焙，去芦）一两，乳香（别研）一两，没药（别研）一两，吊藤（勾子者，焙）一两，白僵蚕（直者，炒去丝）一两，全蝎（去毒）一两，白茯苓（去皮，焙）一两，羌活（焙）一两，防风（去芦，焙）一两，川芎（焙）一两，甘草（炙）一两，麝香半钱", "cook": "每服一钱，水1小盏，加薄荷、生姜、大枣，煎至6分，或只用薄荷汤调下。", "use": "慢惊后，余未退，精神不爽。", "symptom": "慢惊后，余未退，精神不爽。", "reason": "无。", "ban": "无。", "alter": "无。"}