{"name": "安荣散", "provenance": "《重订严氏济生方》", "recipe": "麦门冬（去心）通草，滑石各6克，当归（去芦，酒浸）灯心，甘草（炙）各15克，人参，细辛（洗）各3克", "cook": "每服9克，煎麦门冬汤调服，不拘时候。", "use": "妇人妊娠，平素酒色过度，伤其血气，水脏闭涩，遂成子淋。", "symptom": "妇人妊娠，平素酒色过度，伤其血气，水脏闭涩，遂成子淋。", "reason": "无。", "ban": "无。", "alter": "无。"}