{"name": "安荣散", "provenance": "《陈素庵妇科补解》卷三", "recipe": "麦冬，滑石，当归，灯心，人参，赤苓，白芍，甘草梢，黄芩，山药，香附，木通，黄柏，川芎", "cook": "水煎服", "use": "妊娠子淋，便后点滴，淋沥不止，欲便则涩而不利，似数非数，已便则时时淋沥，以致胎动不安。", "symptom": "妊娠子淋，便后点滴，淋沥不止，欲便则涩而不利，似数非数，已便则时时淋沥，以致胎动不安。", "reason": "无。", "ban": "无。", "alter": "无。"}