{"name": "安荣散", "provenance": "《医方类聚》卷二二四引《济生》", "recipe": "麦门冬一钱（去心），通草一钱，滑石一钱，当归半两（去芦，酒浸），灯心半两，甘草（炙）半两，人参一钱，细辛（洗）一钱", "cook": "安荣汤（《宋氏女科》）。本方改为丸剂，名“安荣丸”（见《中国医学大辞典》）。", "use": "通利小便。主妊娠子淋。", "symptom": "通利小便。主妊娠子淋。", "reason": "无。", "ban": "无。", "alter": "无。"}