{"name": "安荣汤", "provenance": "《会约医镜》卷十四", "recipe": "当归（去尾）9～15克，熟地15～18克，丹参6克，淮山药9克，白芍（酒炒）4.5克，丹皮3.6克，阿胶（蛤粉炒）6克，川续断6克，甘草（炙）3克", "cook": "水煎服。另用发灰、百草霜、败棕灰、蒲黄炒黑存性，各等分研匀。上药煎就后，加药末2克调服。如实火盛，迫血妄行，口渴，舌黄，便燥，六脉洪滑，加黄柏、黄芩、栀仁之类，或加生地、赤芍、青蒿各6～9克，不应，加黄连。", "use": "血分有热，崩漏日久，六脉虚弱，体亏无神。", "symptom": "血分有热，崩漏日久，六脉虚弱，体亏无神。", "reason": "无。", "ban": "无。", "alter": "无。"}