{"name": "安荣养胎汤", "provenance": "《会约》卷十四", "recipe": "人参（少者，以山药四钱炒黄代之）一钱半，白术一钱半，归身一钱半，熟地一钱半，杜仲（姜炒）一钱半，阿胶（蛤粉炒）一钱半，艾叶八分，条芩（酒炒）一钱，黄柏（炒）一钱，白芍一钱，炙草七分（或加三七根二钱）", "cook": "生姜、大枣为引，水煎服。如血热甚者，加生地、青藁、丹皮之属；如骨蒸多汗者，加地骨皮一钱半；如热甚而渴者，加石膏2、三钱；如五心热，加玄参一钱半；如下热便涩者，加栀子一钱。", "use": "孕妇气血两虚，六脉微弱，不时下血者。", "symptom": "孕妇气血两虚，六脉微弱，不时下血者。", "reason": "无。", "ban": "无。", "alter": "无。"}