{"name": "安神补心汤", "provenance": "《古今医鉴》卷八", "recipe": "当归一钱二分，川芎七分，白芍一钱（炒），生地黄一钱二分，白术一钱，茯神一钱二分，远志（甘草水泡，去心）八分，酸枣仁（炒）八分，麦门冬（去心）二钱，黄芩一钱二分，玄参五分，甘草三分（一方无远志，麦门冬，黄芩，玄参，加陈皮，柏子仁，酒炒黄连）", "cook": "水煎服", "use": "怔忡惊悸。", "symptom": "怔忡惊悸。", "reason": "无。", "ban": "无。", "alter": "无。"}