{"name": "安神补心丸", "provenance": "《中药制剂手册》", "recipe": "丹参30两，五味子（炙）1五两，石菖蒲十两，珍珠母（煅）200两，夜交藤50两，旱莲草30两，合欢皮30两，生地黄2五两，菟丝子30两，女贞子（炙）40两", "cook": "每服15丸，日3次；或遵医嘱，温开水送下。", "use": "养心安神。主由于思虑过度、神经衰弱引起的失眠健忘、头昏耳鸣、心悸。", "symptom": "养心安神。主由于思虑过度、神经衰弱引起的失眠健忘、头昏耳鸣、心悸。", "reason": "无。", "ban": "无。", "alter": "无。"}