{"name": "安神定志丸", "provenance": "《全国中药成药处方集》（兰州方）", "recipe": "酒地四两，圆肉二两，当归二两，于术一两五钱，川芎一两，菖蒲八钱，茯神八钱，远志（炙）八钱，枣仁一两，黄耆二两，杭芍一两，党参一两，炙草一两", "cook": "每服三钱，开水送下，或清水汤送下。", "use": "安神定志，益气养血。主心脏衰弱，惊悸失眠，精神恍惚。", "symptom": "安神定志，益气养血。主心脏衰弱，惊悸失眠，精神恍惚。", "reason": "无。", "ban": "无。", "alter": "无。"}