{"name": "安神定志丸", "provenance": "《医便》卷一", "recipe": "人参一两五钱，白茯苓（去皮）一两，白茯神（去心）一两，远志（去心）一两，白术（炒）一两，石菖蒲（去毛，忌铁）一两，酸枣仁（去壳，炒）一两，麦门冬（去心）一两，牛黄一钱（另研），辰砂二钱五分（水飞，另研，为衣）", "cook": "每服30丸，清米汤送下，日3次，不拘时候。", "use": "宁心保神，益血固精，壮力强志，清三焦，化痰涎，育养心神，大补元气。主咽干，惊悸，怔忡，健忘。", "symptom": "宁心保神，益血固精，壮力强志，清三焦，化痰涎，育养心神，大补元气。主咽干，惊悸，怔忡，健忘。", "reason": "无。", "ban": "无。", "alter": "无。"}