{"name": "安神定志方", "provenance": "《外台》卷十五引《广济方》", "recipe": "金薄100和合，银薄100和合，石膏（研）八分，龙齿（研）八分，铁精（研）八分，地骨白皮八分，茯神八分，黄芩八分，生干地黄八分，升麻八分，茯苓八分，玄参八分，人参八分，虎睛1具（微炙），牛黄四分，生姜屑四分，麦门冬十分（去心），枳实（炙）六分，甘草（炙）六分，葳蕤六分，芍药六分，远志（去心）五分，柏子仁五分，白藤皮五分", "cook": "每服20丸，每日2次；渐加至30丸；食讫，少时煮生枸杞根汁送下。", "use": "风邪狂乱失心。", "symptom": "风邪狂乱失心。", "reason": "无。", "ban": "无。", "alter": "无。"}