{"name": "安神定志丸", "provenance": "《全国中药成药处方集》（济南方）", "recipe": "党参一两，茯苓一两，柏子仁一两，远志一两，枣仁一两，茯神一两，当归一两，琥珀五钱，石菖蒲五钱，乳香五钱，", "cook": "上为细末，炼蜜为丸，朱砂三钱为衣，每丸重三钱。", "use": "神志不足，心虚多梦，烦躁盗汗。", "symptom": "神志不足，心虚多梦，烦躁盗汗。", "reason": "无。", "ban": "无。", "alter": "无。"}