{"name": "安神定志丸", "provenance": "《活人心统》卷下", "recipe": "人参七钱，远志（去心）一两，茯神（去木）七钱，龙齿七钱，枣仁一两，当归一两，琥珀三钱，朱砂七钱，麦冬（去心）五钱，金箔10张，银箔10张，甘草五分，天竺黄五钱，生地（酒洗）一钱五分（焙干）", "cook": "每服3丸，灯心汤化下。", "use": "阴虚血少，神不守舍，恍惚怔忡，健忘。", "symptom": "阴虚血少，神不守舍，恍惚怔忡，健忘。", "reason": "无。", "ban": "无。", "alter": "无。"}