{"name": "安神定智汤", "provenance": "《点点经》卷一", "recipe": "益智一钱半，远志一钱半，当归一钱半，白芍一钱半，黄耆一钱半，天冬一钱半，龙骨（煅，炙）一钱半，芡实一钱半，泽泻一钱半，茯神一钱，金钗一钱，甘草三分", "cook": "莲肉、粳米、大枣为引，水煎服。", "use": "酒伤心脾，传染膀胱，火熏精漏，神气不爽，饮食少进，赤白二浊。", "symptom": "酒伤心脾，传染膀胱，火熏精漏，神气不爽，饮食少进，赤白二浊。", "reason": "无。", "ban": "无。", "alter": "无。"}