{"name": "安神复元汤", "provenance": "《寿世保元》卷六", "recipe": "黄耆（蜜炙）一钱五分，人参一钱五分，当归（酒洗）一钱五分，柴胡一钱，升麻五分，黄连（酒炒）一钱，黄芩（酒炒）一钱，黄柏（酒炒）三钱，山药一钱，防风一钱，蔓荆子七分，麦门冬一钱，茯神一钱，酸枣（炒）一钱五分，川芎一钱，甘草五分，甘枸杞子一钱五分", "cook": "上锉1剂，加龙眼肉3枚，水煎服。", "use": "思虑烦心而神散，精脱于下，真阴不上泥丸，而气不聚，耳鸣耳重听，及耳内痒。", "symptom": "思虑烦心而神散，精脱于下，真阴不上泥丸，而气不聚，耳鸣耳重听，及耳内痒。", "reason": "无。", "ban": "无。", "alter": "无。"}