{"name": "安神膏", "provenance": "《普济方》卷三七一引《全婴方》", "recipe": "朱砂二钱，全蝎一钱，人参一钱，白茯苓一钱，天麻一钱，附子（炮）一钱，川芎一钱，乳香一钱，麝香1字，坯子半钱（一方加琥珀）", "cook": "每服1丸，薄荷汤送下。", "use": "小儿心虚多惊，恍惚不宁，腹痛便青；及吐泻之后，欲生慢惊。", "symptom": "小儿心虚多惊，恍惚不宁，腹痛便青；及吐泻之后，欲生慢惊。", "reason": "无。", "ban": "无。", "alter": "无。"}