{"name": "安神固精丸", "provenance": "《全国中药成药处方集》（沈阳方）", "recipe": "莲子肉二两，当归一两，金樱一两，芡实八钱，茯神八钱，龙骨八钱，锁阳八钱，牡蛎八钱，肉桂四钱，川连三钱，远志六分，枣仁六分，莲须六分，生地五钱，黄柏五钱，山药五钱", "cook": "每服1丸，空心淡盐水送下。", "use": "滋补强心，固精安神。主夜梦遗精，虚弱盗汗，心跳耳鸣，烦躁不宁，头目眩晕，精神衰弱，倦怠无力，睡眠不安。", "symptom": "滋补强心，固精安神。主夜梦遗精，虚弱盗汗，心跳耳鸣，烦躁不宁，头目眩晕，精神衰弱，倦怠无力，睡眠不安。", "reason": "无。", "ban": "无。", "alter": "无。"}