{"name": "安神妙香丸", "provenance": "《圣济总录》卷一九九", "recipe": "丹砂半两（研如粉），松脂三两（炼10次，取一两半），鹤虱半两，人参半两，白茯苓（去黑皮）半两，狗脊（去毛）半两，贯众半两，雄黄（研如粉）半两，蜡二两，蜜（炼）一两，乳香一两（研如粉），禹余粮（烧3度，研如粉）一两", "cook": "用糯米1升、杏仁2合（去皮尖双仁，细研）、白腊一两，相合煮粥，饱食一顿，须臾服大豆1合（熟者），仍服药1丸，得18日，续更服1丸，得34月，又服1丸。若虑无力，吃枣肉3-7枚助之，1月后更不服，服时用乳香汤送下；渴，即吃茯苓汤；若要开食时，吃葵菜汤1盏，其药自下。", "use": "镇固肠胃，守炼五脏，消灭九虫，绵永胎息。", "symptom": "镇固肠胃，守炼五脏，消灭九虫，绵永胎息。", "reason": "无。", "ban": "无。", "alter": "无。"}