{"name": "安神清镇丹", "provenance": "《医学探骊集》卷五", "recipe": "犀角二钱，朱砂一钱，干漆一钱，山甲片五分，轻粉五分，旱三七二钱，京牛黄5厘，青蒿1捻，甘遂二钱，大黄二钱，麝香3厘", "cook": "匀2次服，每早服1次。", "use": "痫病，忽然昏倒，目天吊，口嚼舌，手足不能举动者。", "symptom": "痫病，忽然昏倒，目天吊，口嚼舌，手足不能举动者。", "reason": "无。", "ban": "无。", "alter": "无。"}