{"name": "安神散", "provenance": "《寿世保元》卷七", "recipe": "白茯神（去皮木）一两半，白茯苓（去皮）一两，人参一两，石菖蒲一两，赤小豆五钱", "cook": "水煎，温服。", "use": "妇人脏腑虚，神不守，邪厉得为病，梦交，其状不欲见人，如有对晤，时独言笑，或时悲泣，脉息迟伏，或如鸟啄，或脉来绵绵，不知度数，而颜色不变。", "symptom": "妇人脏腑虚，神不守，邪厉得为病，梦交，其状不欲见人，如有对晤，时独言笑，或时悲泣，脉息迟伏，或如鸟啄，或脉来绵绵，不知度数，而颜色不变。", "reason": "无。", "ban": "无。", "alter": "无。"}