{"name": "安神散", "provenance": "《传家秘宝》卷下", "recipe": "人参（去芦）半两，白茯苓一两，远志（去心）一两，丁香半两，木香半两，官桂（去粗皮）半两，益智半两，肉豆蔻半两，槟榔半两，诃子半两，青橘（去白）半两，川芎半两，蓬莪茂半两，干姜（炮）半两，白术半两，附子（炮）半两，厚朴（去粗皮，生姜炙）一两，黄耆一两，半夏一两，当归一两，荆三棱（炮）一两，神曲", "cook": "每服二钱，入盐1捻，水1盏，同煎至7分，和滓温服。", "use": "气劳。", "symptom": "气劳。", "reason": "无。", "ban": "无。", "alter": "无。"}