{"name": "安神丸", "provenance": "《小儿药证直诀》卷下", "recipe": "马牙消五钱，白茯苓五钱，麦门冬五钱，干山药五钱，甘草五钱，寒水石（研）五钱，龙脑1字（研），朱砂一两（研）", "cook": "每服半丸，以沙糖水化下，不拘时候。", "use": "补心，定惊，泻火。主小儿心虚肝热，面黄颊赤，身热，神志恍惚，惊风，惊啼，因惊吐奶。", "symptom": "补心，定惊，泻火。主小儿心虚肝热，面黄颊赤，身热，神志恍惚，惊风，惊啼，因惊吐奶。", "reason": "无。", "ban": "无。", "alter": "无。"}