{"name": "安神丸", "provenance": "《回春》卷四", "recipe": "当归（酒洗）一两，人参（去芦）一两，茯苓（去皮）一两，酸枣仁（炒）一两，生地黄（酒洗）一两，黄连（酒炒）一两，陈皮（去白）一两，南星（姜制）一两，天竺黄五钱，牛黄二钱，珍珠二钱，琥珀二钱", "cook": "《金匮翼》有雄黄。", "use": "镇心安神。主癫痫惊狂属痰火者。", "symptom": "镇心安神。主癫痫惊狂属痰火者。", "reason": "无。", "ban": "无。", "alter": "无。"}