{"name": "安神丸", "provenance": "《兰室秘藏》卷下", "recipe": "黄连4.5克（酒洗.）朱砂3克（水飞）酒生地黄，酒当归身，炙甘草各1.5克", "cook": "每服15丸，食后津唾咽下。", "use": "镇心安神，清热养血。心神烦乱，怔忡，兀兀欲吐，胸中气乱而热，有似懊侬之状，失眠多梦。现用于神经衰弱之失眠、健忘、心悸，精神抑郁症之神思恍惚，属心火偏盛者。", "symptom": "镇心安神，清热养血。心神烦乱，怔忡，兀兀欲吐，胸中气乱而热，有似懊侬之状，失眠多梦。现用于神经衰弱之失眠、健忘、心悸，精神抑郁症之神思恍惚，属心火偏盛者。", "reason": "无。", "ban": "无。", "alter": "无。"}