{"name": "安神丸", "provenance": "《活人方》卷一", "recipe": "生地黄六两，枣仁六两，柏子仁一两，茯神一两，麦冬一两，川黄连三两，当归三两，五味子二两，甘草一两，朱砂一两（飞过）", "cook": "每服三钱，临睡灯心汤吞服。", "use": "凉血清心，宁神定志。主劳烦太过，谋虑不遂，五志之火内炽，而致神明不安；或肝虚胆热，相火行权，包络热而心液竭，而致神明不安，梦寐若惊；或久病血虚，心肾不交，火炎水涸，其神不敛而无睡；或伤寒之后，邪热未尽，遗于心肺，使神明不清而无睡。", "symptom": "凉血清心，宁神定志。主劳烦太过，谋虑不遂，五志之火内炽，而致神明不安；或肝虚胆热，相火行权，包络热而心液竭，而致神明不安，梦寐若惊；或久病血虚，心肾不交，火炎水涸，其神不敛而无睡；或伤寒之后，邪热未尽，遗于心肺，使神明不清而无睡。", "reason": "无。", "ban": "无。", "alter": "无。"}