{"name": "安神丸", "provenance": "《片玉痘疹》卷十二", "recipe": "牛黄五分，黄连（酒炒）五钱，当归二钱五分，山栀仁（炒）二钱五分", "cook": "煎灯心汤送下。", "use": "痘收后邪热攻心，传于胞络，昏睡连日不醒，口中妄语，或有醒时亦似醉人，每多错言。", "symptom": "痘收后邪热攻心，传于胞络，昏睡连日不醒，口中妄语，或有醒时亦似醉人，每多错言。", "reason": "无。", "ban": "无。", "alter": "无。"}