{"name": "安神丸", "provenance": "《医学正印》卷上", "recipe": "当归（酒洗）一两，人参（去芦）一两，白茯苓（去皮）一两，酸枣仁（炒）一两，生地黄（酒洗）一两，川黄连（酒炒）一两，橘红一两，真胆星一两，厚黄柏（盐酒蜜炒黑色）一两，麦门冬（去心）一两，朱砂（另研，水飞过）五钱", "cook": "服三子散去积痰后服此方，每服50丸，空心清米汤送下；食远、临卧灯心汤送下。", "use": "羊痫并滑泄，久而无子，脉上盛下虚。", "symptom": "羊痫并滑泄，久而无子，脉上盛下虚。", "reason": "无。", "ban": "无。", "alter": "无。"}