{"name": "安神丸", "provenance": "《育婴秘诀》卷二", "recipe": "茯神（去心）三钱，芦荟三钱，琥珀三钱，黄连三钱，赤茯苓三钱，胆星一钱，远志一钱，甘草（汤煮，晒干）一钱，虾蟆（烧灰）一钱，石菖蒲一钱，使君子肉一钱", "cook": "灯心汤送下。", "use": "小儿惊疳，病后肌肤消瘦，精神昏愦。", "symptom": "小儿惊疳，病后肌肤消瘦，精神昏愦。", "reason": "无。", "ban": "无。", "alter": "无。"}