{"name": "安神丸", "provenance": "《魏氏家藏方》卷十", "recipe": "琥珀（如无，以茯神代之）半两，人参（去芦）半两，远志（去心）半两，天麻半两，花蛇肉（酒浸，去骨）半两，白附子（炮）半两，麻黄（去节）半两，羌活半两，大川乌头（炮，去皮肤）半两，蝉蜕（洗去土，并去白筋）半两，南木香（不见火）半两，真珠末半两，白僵蚕（直者，炒去丝）半两，全蝎（生姜汁炙）半两，朱砂二钱（别研），金箔30片（别研），银箔30片（别研），麝香一钱（别研）", "cook": "1丸作4服，用薄荷汤送下。", "use": "镇心脏热，化痰涎。主小儿惊疾。", "symptom": "镇心脏热，化痰涎。主小儿惊疾。", "reason": "无。", "ban": "忌猪、鹅、牛、羊、犬、马等肉，胡椒、葱、蒜。", "alter": "无。"}