{"name": "安神醒心丸", "provenance": "《寿世保元》卷五", "recipe": "南星末五两，川加末一两五钱（先以姜汁拌浸半日，入南星末调，和匀成饼，于饭甑内蒸半日），人参末一两五钱，制远志末一两五钱，飞过辰砂（研）七钱五分，琥珀七钱五分，酸枣仁（炒，研末）一两", "cook": "每服50丸，食远白汤送下，小者20-30丸。", "use": "痰迷心窍所致惊悸。", "symptom": "痰迷心窍所致惊悸。", "reason": "无。", "ban": "无。", "alter": "无。"}