{"name": "安神养血汤", "provenance": "《温疫论》卷下", "recipe": "茯神，枣仁，当归，远志，桔梗，芍药，地黄，陈皮，甘草，龙眼肉", "cook": "水煎服。", "use": "疫邪已退，脉证俱平，但元气未复，或因梳洗沐浴，或因多言妄动，遂致劳复发热，前证复起，惟脉不沉实。", "symptom": "疫邪已退，脉证俱平，但元气未复，或因梳洗沐浴，或因多言妄动，遂致劳复发热，前证复起，惟脉不沉实。", "reason": "无。", "ban": "无。", "alter": "无。"}