{"name": "安神益志汤", "provenance": "《鲁府禁方》卷一", "recipe": "柴胡，人参，麦门冬，山药，五味子，竹茹，茯苓，远志，生地黄，当归，甘草，黄连（姜炒）", "cook": "加生姜、大枣，水煎服。", "use": "伤寒虚烦，心悸微热，四肢无力体倦；又治伤寒6-7日，别无刑g症候，昏沉不知人事，六脉俱静者，无脉欲出汗者。", "symptom": "伤寒虚烦，心悸微热，四肢无力体倦；又治伤寒6-7日，别无刑g症候，昏沉不知人事，六脉俱静者，无脉欲出汗者。", "reason": "无。", "ban": "无。", "alter": "无。"}