{"name": "安神饮", "provenance": "《产孕集》卷下", "recipe": "人参三钱，柏子仁（去油）三钱，黄耆一钱，阿胶一钱，当归一钱，茯神一钱，肉桂一钱，炙甘草一钱", "cook": "共作1服。", "use": "产妇素体虚弱，下血过多而致郁冒，昏迷不省，瞑目无所知；甚则循衣撮空，错语失神。", "symptom": "产妇素体虚弱，下血过多而致郁冒，昏迷不省，瞑目无所知；甚则循衣撮空，错语失神。", "reason": "无。", "ban": "无。", "alter": "无。"}