{"name": "安神饮", "provenance": "《慈航集》卷下", "recipe": "茯神三钱，枣仁八钱（炒，研），远志肉五分（炙），麦冬二钱（去心），当归三钱（酒炒），乳香一钱（去净油），益智仁二钱（盐水炒）", "cook": "桂圆肉5枚，灯心3分为引，水煎服。如心虚发空，似怔忡相类，加熟地八钱，煅龙齿三钱；如胆怯，加小麦一两。", "use": "痢后心肾受亏，阴虚不寐，神气不宁，夜梦多惊。", "symptom": "痢后心肾受亏，阴虚不寐，神气不宁，夜梦多惊。", "reason": "无。", "ban": "无。", "alter": "无。"}