{"name": "安神镇惊丸", "provenance": "《万病回春》卷四", "recipe": "人参（去芦）五钱，白术（炒）五钱，白茯苓（去皮）五钱，明天麻五钱，胆星五钱，橘红五钱，麦门冬五钱（去心），甘草（炙）一钱，桔梗二钱，僵蚕（炙）二钱，木香一钱半，辰砂二钱（水飞），全蝎10个（洗，炙），麝香一钱，酸枣仁五钱（炒）", "cook": "上为细末，炼蜜为丸，如芡实大。每服50丸，食远枣汤送下。", "use": "血虚心神不安，惊悸怔仲不寐。", "symptom": "血虚心神不安，惊悸怔仲不寐。", "reason": "无。", "ban": "无。", "alter": "无。"}