{"name": "安神镇心琥珀丸", "provenance": "《圣惠》卷六十九", "recipe": "琥珀一两（细研），真珠一两（细研，水飞过），牛黄半两（细研），天竹黄一两（细研），铁粉一两，光明砂三分（细研，水飞过），金箔50片（细研），银箔50片（细研），龙齿一两（细研如粉），腻粉半两（研入），麝香一分（细研），犀角屑三分，露蜂房半两（微炒），龙胆半两，川升麻半两，天门冬三分（去心，焙），钩藤三分，茯神三分，菖蒲三分，远志三分（去心），麦门冬三分（去心，焙），人参三分（去芦头），白藓皮三分，黄芩半两，蚱蝉半两（微炒），干蝎半两（微炒），甘草半两（炙微赤，锉）", "cook": "上为末，入研了药令匀，炼蜜为丸，如梧桐子大。每服15丸，以竹叶汤送下。", "use": "妇人风邪凌心，言语不定，精神恍惚，乃成癫狂，发歇无时。", "symptom": "妇人风邪凌心，言语不定，精神恍惚，乃成癫狂，发歇无时。", "reason": "无。", "ban": "无。", "alter": "无。"}