{"name": "安神镇心丸", "provenance": "《赤水玄珠》卷六", "recipe": "石菖蒲一两，远志一两，人参一两，获神一两，川芎一两，山药一两，麦门冬一两，铁粉一两，天麻一两，半夏一两，南星一两，茯苓一两，细辛五钱，辰砂五钱", "cook": "上为末，生姜五两取汁，入水煮糊为丸，如绿豆大，另以朱砂为衣。每服25丸，夜卧生姜汤送下，小儿减半。", "use": "消风痰。主惊悸。", "symptom": "消风痰。主惊悸。", "reason": "无。", "ban": "无。", "alter": "无。"}