{"name": "安神止痛汤", "provenance": "《林如高骨伤验方歌诀方解》", "recipe": "琥珀6g，莲子24g，党参15g，白芍15g，生地9g，淮山15g，黄耆9g，酸枣仁9g，三七3g，醋元胡6g，制乳香4.5g，制没药4.5g，朱茯神9g，远志6g，甘草3g，双钩藤9g", "cook": "水煎服。", "use": "宁心安神，益气镇痛。主重伤痛极，夜寐不安。", "symptom": "宁心安神，益气镇痛。主重伤痛极，夜寐不安。", "reason": "无。", "ban": "无。", "alter": "无。"}