{"name": "安肾丸", "provenance": "《太平惠民和剂局方》卷五", "recipe": "肉桂（去粗皮，不见火）川乌（炮，去皮，脐）各500克，桃仁（麸炒）白蒺藜（炒，去刺）巴戟（去心）山药，茯苓（去皮）肉苁蓉（酒浸，炙）石斛（去根，炙），白术，破故纸各1.5千克", "cook": "上药为末，炼蜜为丸，如梧桐子大。每服30丸，空腹时用温酒或盐汤送下；小肠气者，用炒茴香盐酒送下。", "use": "壮阳益肾。肾经积冷，下元虚惫，目暗耳鸣，四肢无力，夜梦遗精，小便频数，脐腹撮痛，食少体瘦，惊恐健忘，大便溏泻。", "symptom": "壮阳益肾。肾经积冷，下元虚惫，目暗耳鸣，四肢无力，夜梦遗精，小便频数，脐腹撮痛，食少体瘦，惊恐健忘，大便溏泻。", "reason": "无。", "ban": "无。", "alter": "无。"}