{"name": "安肾丸", "provenance": "《三因极一病证方论》卷十三", "recipe": "补骨脂（炒）葫芦巴（炒）茴香（炒）川楝（炒）续断（炒）各90克，桃仁（麸炒，去皮，尖，别研）杏仁（如上法）山药（炒，切）茯苓各60克", "cook": "上药研末，蜜为丸，如梧桐子大。每服50丸，空腹时用盐汤送下。", "use": "肾虚腰痛，阳事不举，耳鸣口干，面色黧黑，耳轮焦枯。", "symptom": "肾虚腰痛，阳事不举，耳鸣口干，面色黧黑，耳轮焦枯。", "reason": "无。", "ban": "无。", "alter": "无。"}