{"name": "安肾丸", "provenance": "《杏苑》卷六", "recipe": "青盐一两（另研），鹿茸五钱，柏子仁五钱，石斛五钱，川乌五钱，黑附子（炮）五钱，巴戟五钱，肉桂五钱，菟丝子五钱，韭子五钱，肉苁蓉五钱，胡芦巴五钱，杜仲（姜汁拌炒）五钱，远志五钱，石枣（酒蒸去核）五钱，破故纸五钱，赤石脂（煅）五钱，茯苓五钱，茯神五钱，川楝子肉（酒蒸）五钱，苍术五钱，川椒五钱，茴香（酒炒）五钱", "cook": "上为末，用山药末打糊为丸，如梧桐子大。每服81丸，空心以盐汤送下。", "use": "肾虚气不归元，咳嗽动引百骸，自觉从脐下逆奔而上者。", "symptom": "肾虚气不归元，咳嗽动引百骸，自觉从脐下逆奔而上者。", "reason": "无。", "ban": "无。", "alter": "无。"}