{"name": "安肾丸", "provenance": "《洪氏集验方》卷三", "recipe": "熟干地黄（洗净，焙干）一两，牡丹皮半两，附子（炮，去皮尖）半两，金钗石斛半两，破故纸（炒）半两，山药半两，肉桂半两（去皮秤），白蒺藜（炒，去刺）半两，巴戟天", "cook": "上为细末，炼蜜为丸，如梧桐子大。每服30-40丸，食前、空心以温酒或盐汤送下。", "use": "本气怯弱，筋骨无力，或时疼痛。", "symptom": "本气怯弱，筋骨无力，或时疼痛。", "reason": "无。", "ban": "无。", "alter": "无。"}