{"name": "安肾丸", "provenance": "《丹溪心法附余》卷二十四", "recipe": "破故纸，茴香子，乳香（要真者，不得真者则不如不用，以没药代之）", "cook": "上为末，炼蜜为丸。三味安肾丸（《医学入门》卷七）。", "use": "久患气证，气不归元；因肾不收气，喘症已服流气化痰诸法不效。", "symptom": "久患气证，气不归元；因肾不收气，喘症已服流气化痰诸法不效。", "reason": "无。", "ban": "无。", "alter": "无。"}