{"name": "安肾丸", "provenance": "《三因》卷十三", "recipe": "补骨脂三两（炒），葫芦巴三两（炒），茴香三两（炒），川楝三两（炒），续断三两（炒），桃仁二两（麸炒，去皮尖，别研），杏仁二两（如上法），山药二两（炒，切），茯苓二两", "cook": "上为末，炼蜜为丸，如梧桐子大。每服50丸，空心以盐汤送下。", "use": "肾虚牙痛，耳鸣口干，面色黧黑，耳轮焦枯，腰痛，膝骨痛，囊汗，阳事不举。", "symptom": "肾虚牙痛，耳鸣口干，面色黧黑，耳轮焦枯，腰痛，膝骨痛，囊汗，阳事不举。", "reason": "无。", "ban": "无。", "alter": "无。"}