{"name": "安肾圆", "provenance": "《宋•太平惠民和剂局方》", "recipe": "肉桂（去粗皮.不见火），川乌（炮.去皮.脐），各十六两，桃仁（麸炒），白蒺藜（炒.去刺），巴戟（去心），山药，茯苓（去皮），肉苁蓉（酒浸.炙），石斛（去根.炙），白术，破故纸，各四十八两", "cook": "上为末，炼蜜为圆，如梧桐子大。每服三十圆，温酒或盐汤下，空心，食前。小肠气，炒茴香，盐酒下。", "use": "治肾经久积阴寒，膀胱虚冷，下元衰惫，耳重唇焦，腰腿肿疼，脐腹撮痛，两胁刺胀，小腹坚疼，下部湿痒，夜梦遗精，恍惚多惊，皮肤干燥，面无光泽，口淡无味，不思饮食，大便溏泄，小便滑数，精神不爽，事多健忘。", "symptom": "治肾经久积阴寒，膀胱虚冷，下元衰惫，耳重唇焦，腰腿肿疼，脐腹撮痛，两胁刺胀，小腹坚疼，下部湿痒，夜梦遗精，恍惚多惊，皮肤干燥，面无光泽，口淡无味，不思饮食，大便溏泄，小便滑数，精神不爽，事多健忘。", "reason": "无。", "ban": "无。", "alter": "无。"}