{"name": "安睡丹", "provenance": "《辨证录》卷四", "recipe": "白芍五钱，生地五钱，当归五钱，甘草一钱，熟地一两，山茱萸二钱，枸杞二钱，甘菊花三钱", "cook": "水煎服。", "use": "补肝血，益肾水。主肝气太燥，忧愁之后，终日困倦，至夜而双目不闭，欲求一闭目而不得。", "symptom": "补肝血，益肾水。主肝气太燥，忧愁之后，终日困倦，至夜而双目不闭，欲求一闭目而不得。", "reason": "无。", "ban": "无。", "alter": "无。"}