{"name": "安睡散", "provenance": "《医部全录》卷四三一", "recipe": "辰砂（研，水飞）一钱，乳香一钱，血竭一钱（并细研），麝香半钱（研），人参五钱，酸枣仁（炒）五钱，南星（炒）五钱，白附五钱，蜈蚣1条（酥炙，黄酒浸1宿），全蝎21枚", "cook": "上为末。1岁1字，薄荷汁好酒煎沸调下。", "use": "小儿急慢惊风潮搐，不得安睡。", "symptom": "小儿急慢惊风潮搐，不得安睡。", "reason": "无。", "ban": "无。", "alter": "无。"}