{"name": "安嗽膏", "provenance": "《济阳纲目》卷六十五", "recipe": "天冬（去心）八两，杏仁（去皮）四两，贝母（去心）四两，百部四两，百合四两，款冬花五两，紫菀三两，雪白术八两", "cook": "上为粗末，长流水煎3次，取汁3次，去滓，入饴糖八两、蜜1六两，再熬；又入阿胶四两、白茯苓四两（为末，水飞过，晒干），二味入前汁内，和匀如糊成膏。每服3-5匙。", "use": "敛肺气。主阴虚咳嗽，火动发热，咯血，吐血。", "symptom": "敛肺气。主阴虚咳嗽，火动发热，咯血，吐血。", "reason": "无。", "ban": "无。", "alter": "无。"}