{"name": "安胎白术散", "provenance": "《奇效良方》卷六十三", "recipe": "白术一两，川芎一两，吴茱萸（汤泡）半两，甘草（炙）一两半", "cook": "上为细末。每服二钱，食前温酒调下。", "use": "补荣卫，养胎气。主妊娠宿有冷，胎痿不长，或失于将理，伤胎多堕。", "symptom": "补荣卫，养胎气。主妊娠宿有冷，胎痿不长，或失于将理，伤胎多堕。", "reason": "无。", "ban": "无。", "alter": "无。"}