{"name": "安胎补火汤", "provenance": "《寿世新编》", "recipe": "大熟地五钱（净西砂仁末一钱二分同捣烂），北枸杞三钱，菟丝饼二钱，正关鹿膏三钱（牡蛎粉拌炒），破故脂三钱（盐水炒），川续断二钱（酒炒），白归身三钱（酒炒，大便溏者用土炒），正川芎一钱二分，酒杭芍二钱，淮山药四钱，抱茯神三钱，台乌药二钱", "cook": "桂圆肉7枚为引，初漏之时，急以水浓煎服。久之如口觉干，再加米炒结西洋参2-三钱，另炖汁对冲。脾虚火衰，常患腹痛泄泻者，加陈土炒于术二钱。", "use": "下焦虚冷，命门火衰，不能载胎，而致四五月胎常下坠，腹常胀满，始则漏胎，甚则血大下，腹大痛而堕。", "symptom": "下焦虚冷，命门火衰，不能载胎，而致四五月胎常下坠，腹常胀满，始则漏胎，甚则血大下，腹大痛而堕。", "reason": "无。", "ban": "无。", "alter": "无。"}