{"name": "安胎当归汤", "provenance": "《外台》卷三十三引《小品方》", "recipe": "当归一两，阿胶（炙）一两，芎䓖一两，人参一两，大枣12枚（擘），艾1虎口", "cook": "上切。以酒水各3升合煮，取3升，去滓，内胶令烊，分3服。", "use": "妊娠五月日，举动惊愕，胎动不安，下在小腹，痛引腰胳，小便疼，下血。", "symptom": "妊娠五月日，举动惊愕，胎动不安，下在小腹，痛引腰胳，小便疼，下血。", "reason": "无。", "ban": "无。", "alter": "无。"}