{"name": "安胎膏", "provenance": "《理瀹》", "recipe": "老母鸡1只（缉死，勿经水，拔尽毛，竹刀破击肠杂，入粳米，糯米半碗，银针穿线缝好，麻油4斤熬听用），生地四两，川芎（酒洗）二两，当归（酒洗）二两，杜仲（炒）二两，续断（炒）二两，白术二两，黄芩二两，制香附二两，淮山药二两，党参一两，黄耆一两，熟地一两，酒白芍一两，麦冬一两，山药一两，苍术一两，陈皮一两，枳壳一两，半夏（姜汁炒透则不碍胎）一两，羌活一两，防风一两，白芷一两，柴胡（炒）一两，苏子（或梗）一两，藿香一两，黑山栀一两，泽泻一两，甘草（生炙各半）一两，砂仁一两，南薄荷五钱，北细辛五钱，葱白1-2斤，益", "cook": "麻油8斤熬药，并前油炒丹收，入牛胶四两（酒蒸化，如清阳膏下法）、黄蜡二两（搅），加槐、柳、??各四两，元参、黄连、黄柏、贝母、花粉、乌药、醋延胡、醋灵脂、丹皮、黑地榆各一两，黑蚕砂二两，木香、紫石英、赤石脂各五钱。本方保为主，治症次之，治以上诸症，宜辨证配合内服药物。", "use": "保胎。主妇人胎前诸症。凡感受风寒暑湿，或妊娠之初，头目昏晕，肢体沉重，憎闻食气，好食酸咸，恶心呕吐，或心烦躁闷，或咳嗽，或痢，或泻，或寒热往来；或胎中有水，面目身体脚膝肿胀，足指出水；或痰迷发搐；或胎气不和，逆上痛胀；或胎气壅塞，小便淋痛；或肾虚腰痛，或带下腰酸；或胎漏，或胎动下血；热病护胎；孕妇转脬；或小便不通，大便不通，一切闪挫。", "symptom": "保胎。主妇人胎前诸症。凡感受风寒暑湿，或妊娠之初，头目昏晕，肢体沉重，憎闻食气，好食酸咸，恶心呕吐，或心烦躁闷，或咳嗽，或痢，或泻，或寒热往来；或胎中有水，面目身体脚膝肿胀，足指出水；或痰迷发搐；或胎气不和，逆上痛胀；或胎气壅塞，小便淋痛；或肾虚腰痛，或带下腰酸；或胎漏，或胎动下血；热病护胎；孕妇转脬；或小便不通，大便不通，一切闪挫。", "reason": "无。", "ban": "无。", "alter": "无。"}