{"name": "安胎和气散", "provenance": "《女科百问》卷下", "recipe": "诃子（煨）一两，白术一两，陈皮半两，高姜（炒）半两，木香（煨）半两，白芍药半两，陈米（炒）半两，甘草（炙）半两", "cook": "安胎和气饮（《奇效良方》卷六十三）、安胎利气饮（《宋氏女科》）、安和饮（《医钞类编》）卷十七）。", "use": "胎冷，腹胀虚痛，两胁虚鸣，脐下冷疼欲泄，小便频数，大便虚滑。", "symptom": "胎冷，腹胀虚痛，两胁虚鸣，脐下冷疼欲泄，小便频数，大便虚滑。", "reason": "无。", "ban": "无。", "alter": "无。"}