{"name": "安胎和气散", "provenance": "《叶氏女科》卷二", "recipe": "白术（蜜炙）一钱五分，广陈皮（去白，盐制）一钱，白芍（炒）一钱，黄芩（酒炒）一钱，当归身一钱六分，茯苓八分，香附（盐水制）二钱，川芎五分，炙甘草五分", "cook": "安胎和气饮（《大生要旨》卷二）。如热多，加山栀仁（炒黑）一钱。", "use": "妊娠4月，倦卧不安，或口苦头痛，脚弱及肿急。", "symptom": "妊娠4月，倦卧不安，或口苦头痛，脚弱及肿急。", "reason": "无。", "ban": "无。", "alter": "无。"}