{"name": "安胎寄生汤", "provenance": "《外台》卷三十三注文引《小品方》", "recipe": "桑上寄生五分，白术五分，茯苓四分，甘草十分（炙）", "cook": "上切。以水5升，煮取2升半，分3服。若人壮者，可加芍药8分；若胎动不安，腹痛端然有所见，加干姜4分。", "use": "妊娠流下，或胎不安，或腰腹作痛。", "symptom": "妊娠流下，或胎不安，或腰腹作痛。", "reason": "无。", "ban": "无。", "alter": "无。"}