{"name": "安胎鲤鱼粥", "provenance": "《太平圣惠方》（宋•王怀隐）", "recipe": "活鲤鱼1条（约500克左右）苎麻根20～30克，糯米50克葱，姜，油，盐各适量", "cook": "鲤鱼去鳞及肠杂，洗净切片煎汤。再取苎麻根加水200克，煎至100克，去渣留汁，入鲤鱼汤中，并加糯米和葱、姜、油、盐各适量，煮成稀粥。每日早晚趁热食，3～5天为一疗程。", "use": "安胎，止血，消肿。适用于胎动不安、胎漏下血、妊娠浮肿。", "symptom": "安胎，止血，消肿。适用于胎动不安、胎漏下血、妊娠浮肿。", "reason": "无。", "ban": "无。", "alter": "无。"}