{"name": "安胎如胜饮", "provenance": "《叶氏女科》卷二", "recipe": "当归二钱，白术（蜜炙）一钱五分，黄芩（酒炒）一钱，白芍（酒炒）一钱，砂仁（炒，去衣）一钱，茯苓一钱，川断（酒蒸）一钱，炙甘草五分", "cook": "水1钟半，煎7分服；6日进1服。", "use": "妊娠六月胎气不和，卒有所动不安，或腹痛，或胀闷。", "symptom": "妊娠六月胎气不和，卒有所动不安，或腹痛，或胀闷。", "reason": "无。", "ban": "无。", "alter": "无。"}