{"name": "安胎散", "provenance": "《杨氏家藏方》卷十六", "recipe": "缩沙不以多少（熨斗内盛，慢火炒令热透，后去皮，取仁用）", "cook": "上为细末。安胎饮（《女科百问》卷下）、缩砂汤（《妇人良方》卷十二）、小安胎饮（《得效》卷十四）、独圣散（《景岳全书》卷六十一）、独圣安胎散（《种痘新书》卷十二）、独圣汤（《叶氏女科》卷二）。服此药后觉胎动处极热，即胎已安。", "use": "妊娠胎动下血，心腹疼痛，气逆呕吐及孕妇出痘动胎。", "symptom": "妊娠胎动下血，心腹疼痛，气逆呕吐及孕妇出痘动胎。", "reason": "无。", "ban": "无。", "alter": "无。"}