{"name": "安胎桑寄生散", "provenance": "《圣惠》卷七十七", "recipe": "桑寄生一两，芎一两，白术一两，当归（锉，微炒）一两，白茯苓三分，甘草半两（炙微赤，锉）", "cook": "上为粗散。每服三钱，以水1中盏，加生姜半分，大枣3枚，煎至6分，去滓温服，不拘时候。", "use": "妊娠惊胎，流下不安。若跳动，心中痛。", "symptom": "妊娠惊胎，流下不安。若跳动，心中痛。", "reason": "无。", "ban": "无。", "alter": "无。"}