{"name": "安胎桑寄生散", "provenance": "《圣惠》卷七十六", "recipe": "桑寄生一两，熟干地黄二两，木通一两（锉），赤茯苓一两，甘草半两（炙微赤，锉），当归一两（锉，微炒），白芷半两，知母一两，远志半两（去心），陈橘皮半两（汤浸，去白瓤，焙）", "cook": "上为散。每服四钱，以水1大盏，煎至5分，去滓温服，不拘时候。", "use": "妊娠5个月，胎不安，腹内刺痛，日夜不止，不欲言语，四肢昏沉。", "symptom": "妊娠5个月，胎不安，腹内刺痛，日夜不止，不欲言语，四肢昏沉。", "reason": "无。", "ban": "无。", "alter": "无。"}