{"name": "安胎神应丸", "provenance": "《陈素庵妇科补解》卷三", "recipe": "补骨脂（盐水炒）二两，肉果（面裹，煨）七钱，山茱萸三两（去核），扁豆（炒，去壳）二两，大熟地（砂仁酒煮）四两，当归（酒洗）三两，白术（土炒）四两，木香五钱，山药（炒）三两，杜仲（盐水炒）三两，生姜四两（切片），大枣80枚（去皮核，同姜片煮1昼夜，去姜），神曲（炒）四两", "cook": "神曲磨筛极细，同蜜炼，入前药，并枣肉为丸。每服70丸，白天2次，夜间1次，米饮或酒送下。", "use": "益火之源，以消阴翳，大补脾胃。主妊娠五更泄。", "symptom": "益火之源，以消阴翳，大补脾胃。主妊娠五更泄。", "reason": "无。", "ban": "无。", "alter": "无。"}