{"name": "安胎四物汤", "provenance": "《鲁府禁方》卷三", "recipe": "当归（酒洗）一钱，川芎一钱，白芍（酒炒）一钱，熟地黄一钱，地榆五分，续断五分，木香五分，前胡五分，丹参五分，紫苏五分，阿胶（炒）五分，砂仁五分，艾叶（醋炒）五分", "cook": "上锉。加葱白2根，水煎，空心服。", "use": "胎气不安，腹疼重坠。", "symptom": "胎气不安，腹疼重坠。", "reason": "无。", "ban": "无。", "alter": "无。"}