{"name": "安胎丸", "provenance": "《全国中药成药处方集》（北京方）", "recipe": "人参五钱（去芦），白术一两，甘草三钱，橘皮二钱五分，川芎三钱，当归一两，白芍八钱，紫苏叶一钱五分，黄芩一两，香附八钱（制），杜仲一两，续断六钱，砂仁一钱五分", "cook": "上为极细末，炼蜜为小丸。每服三钱，以温开水或姜汤送下，每日2次。", "use": "益气安胎。主妊娠气弱，腰酸腹痛，胎动失常。", "symptom": "益气安胎。主妊娠气弱，腰酸腹痛，胎动失常。", "reason": "无。", "ban": "无。", "alter": "无。"}