{"name": "安胎丸", "provenance": "《仙拈集》卷三", "recipe": "茯苓120克，条芩，白术，香附，益母草各60克，玄胡，红花，没药各15克", "cook": "上药为末，蜜丸，梧桐子大。每服以7丸为限，空腹时用白汤送下，不宜多服。如胎不安，一日四至五次。胎安则仍一日一服。甚效。", "use": "妊娠腹痛，腰酸作胀。如惯于小产者，可预服之。甚至见红将坠者，亦能保足月。", "symptom": "妊娠腹痛，腰酸作胀。如惯于小产者，可预服之。甚至见红将坠者，亦能保足月。", "reason": "无。", "ban": "无。", "alter": "无。"}