{"name": "安胎丸", "provenance": "《集成良方三百种》", "recipe": "川续断四两，杜仲四两（炒黑），山药四两（炒），当归四两，真阿胶四两（炒），白芍四两，熟地四两，砂仁四两，黄芩四两（酒炒），甘草四两，川芎二两，艾叶二两，白术五两（炒）", "cook": "上为细末，糯米糊为丸，如梧桐子大。每服三钱。", "use": "胎动不安，腹中作痛，下血胎漏，势将堕胎，或闪跌误伤，天癸复来，或惯好小产，不能到期。", "symptom": "胎动不安，腹中作痛，下血胎漏，势将堕胎，或闪跌误伤，天癸复来，或惯好小产，不能到期。", "reason": "无。", "ban": "无。", "alter": "无。"}