{"name": "安胎丸", "provenance": "方出《丹溪心法》卷五，名见《丹溪治法心要》卷七", "recipe": "白术，黄芩，炒曲", "cook": "上为末，粥为丸。《医学入门》本方用黄芩、白术各等分，为末，粥为丸，如梧桐子大。每服50丸，白汤送下。", "use": "安胎。主妊娠4-5月，内热甚而致常堕不安。", "symptom": "安胎。主妊娠4-5月，内热甚而致常堕不安。", "reason": "无。", "ban": "无。", "alter": "无。"}