{"name": "安胎丸", "provenance": "《叶氏女科》卷二", "recipe": "生地黄四两（砂仁末一两拌酒蒸晒9次），当归身（酒炒）三两，白芍（酒炒）三两，白术三两（切片，饭上蒸晒5次，蜜炙），陈皮（去白）二两，条芩（酒炒）二两，川续断（盐水炒）二两，杜仲（盐水炒断丝）二两，麦冬（去心）二两", "cook": "上为末，炼蜜为丸，如梧桐子大。《大生要旨》：怀孕三月，恶心懒倦已退，脏燥已润，于四、五、六、七、八月逐月服此丸料。脾虚泄泻，加淮山药、菟丝饼各三两；气虚，加人参二两；血虚，加阿胶（蛤粉炒珠）二两。", "use": "和中保胎，养血调气，健脾进食。", "symptom": "和中保胎，养血调气，健脾进食。", "reason": "无。", "ban": "无。", "alter": "无。"}