{"name": "安胎万全神应散", "provenance": "《医林绳墨大全》卷九", "recipe": "当归（酒浸）一钱，川芎六分，白芍（炒）七分，熟地（姜汁浸）八分，白术一钱，黄芩一钱，黄耆（蜜炒）七分，杜仲七分，砂仁五分，阿胶6-7粒，茯苓七分，甘草三分", "cook": "安胎万全汤（《仙拈集》卷三）、安胎万全神应汤（《产科心法》下集）。见血1-2日，未离宫者，加一剂自安。倘先三四五月内已经半产者，将及前月分略觉腰骨酸胀，忙服一剂安之，过此必安；不可加减，百发百中。胸前作胀，加紫苏、陈皮各6分；白带或红，多加阿胶，地榆一钱，艾叶7分；见红，加川续断一钱，糯米100粒。", "use": "孕妇三月前后，或经恼怒，或行走失跌，损伤胎气，腹痛腰胀。", "symptom": "孕妇三月前后，或经恼怒，或行走失跌，损伤胎气，腹痛腰胀。", "reason": "无。", "ban": "无。", "alter": "无。"}