{"name": "安胎养血益母丸", "provenance": "《宋氏女科》", "recipe": "益母草1斤（阴干，取净末八两），当归身二两，川芎一两五钱，生地一两五钱，白芍一两五钱，壳砂一两五钱，白术（炒）一两，条芩一两五钱（酒炒），人参（去芦）八钱，阿胶（炒珠）一两", "cook": "上为末，炼蜜为丸，如梧桐子大。每服80丸，空心白汤送下。怀孕2-3个月即便可服，至10个月，俱可服。如腹痛，加川断肉（酒浸）一两；如有白带，加椿皮（炒）一两；如漏胎，月月来，见红者，加荆芥（炒焦）一两，地榆（炒）一两。", "use": "保养血气。", "symptom": "保养血气。", "reason": "无。", "ban": "无。", "alter": "无。"}