{"name": "安胎易产紧苏饮", "provenance": "《郑氏家传女科万金方》卷三", "recipe": "苏梗八分，人参五分，广皮五分，甘草五分，当归一钱二分，川芎七分，白芍一钱，条芩一钱，白术一钱，枳壳一钱，大腹皮三钱（盐水炒），砂仁六分（炒，去衣，研），（一方有制香附，姜汁炒厚朴各一钱，葱头5个）", "cook": "加黄杨脑7个，河水煎，怀胎8-9月服。体虚，加人参。", "use": "束胎。主子悬。", "symptom": "束胎。主子悬。", "reason": "无。", "ban": "无。", "alter": "无。"}