{"name": "安胎饮", "provenance": "《太平惠民和剂局方》卷九", "recipe": "地榆，甘草（炙微赤）茯苓（去皮）熟干地黄（洗，酒洒蒸，焙）当归（去芦，洗，酒浸）川芎，白术，半夏（汤洗七次）阿胶（捣碎，麸炒）黄耆（去苗）白芍药各等分", "cook": "上为粗散。每服9克，用水230毫升，煎至180毫升，去滓温服，不拘时。", "use": "妊娠恶阻，心中愦闷，头重目眩，四肢沉重，懈怠疲劳，恶闻食气，喜食咸酸，多睡少起，呕逆不食，或胎动不安，非时转动，腰腹疼痛，或时下血。", "symptom": "妊娠恶阻，心中愦闷，头重目眩，四肢沉重，懈怠疲劳，恶闻食气，喜食咸酸，多睡少起，呕逆不食，或胎动不安，非时转动，腰腹疼痛，或时下血。", "reason": "无。", "ban": "无。", "alter": "无。"}