{"name": "安胎饮", "provenance": "《丹溪治法心要》卷七", "recipe": "白术一钱，人参半钱，当归一钱，白芍药一钱，熟地黄一钱，川芎五分，陈皮五分，甘草三分，缩砂二分，紫苏三分，条芩五分", "cook": "水煎服", "use": "孕成之后，胎气不安，或腹微痛，或腰间作疼，或饮食不甘美及孕妇痘已出现。", "symptom": "孕成之后，胎气不安，或腹微痛，或腰间作疼，或饮食不甘美及孕妇痘已出现。", "reason": "无。", "ban": "无。", "alter": "无。"}