{"name": "安胎饮", "provenance": "《医略六书》卷二十八", "recipe": "生地五钱，苏梗三钱，白术一钱半（炒），条芩一钱半（酒炒），当归二钱，山栀一钱半，木香一钱，香附一钱半（酒炒），茯苓一钱半，杜仲一钱半（酒炒）", "cook": "水煎，去滓温服。", "use": "怀孕九月，脉洪滑疾，两关弦涩者。", "symptom": "怀孕九月，脉洪滑疾，两关弦涩者。", "reason": "无。", "ban": "无。", "alter": "无。"}