{"name": "安胎饮", "provenance": "《胎产秘书》卷上", "recipe": "人参一钱（虚者信用），当归二钱，熟地三钱，条芩一钱，川芎七分，白术二钱，陈皮四分，紫苏四分，甘草四分，元枣2枚", "cook": "水煎服", "use": "妊娠三月，胎动不安，盖因子宫久虚，气血两弱，不能摄元养胎致令不安欲堕。", "symptom": "妊娠三月，胎动不安，盖因子宫久虚，气血两弱，不能摄元养胎致令不安欲堕。", "reason": "无。", "ban": "无。", "alter": "无。"}