{"name": "安胎饮", "provenance": "《郑氏家传女科万金方》卷三", "recipe": "白术，茯苓，地榆，甘草，熟地，当归，川芎，白芍，艾叶，黄耆，阿胶", "cook": "《胎产辑萃》本方用法：各等分，每服三钱，加生姜4片，水煎温服，不拘时候。", "use": "怀胎三四月至九个月，呕吐痰水，心中愦闷，头重目眩，恶闻食气，或胎动不安，腰腹疼痛，或时下血，及妊娠一切疾病。", "symptom": "怀胎三四月至九个月，呕吐痰水，心中愦闷，头重目眩，恶闻食气，或胎动不安，腰腹疼痛，或时下血，及妊娠一切疾病。", "reason": "无。", "ban": "无。", "alter": "无。"}