{"name": "安胎饮", "provenance": "《医便》卷四", "recipe": "白术一钱，条芩一钱，陈皮（去白）八分，真阿胶（炒珠）一钱，桑寄生（真者）一钱，甘草四分，蕲艾五分，当归头六分，陈枳壳五分，砂仁（炒）六分，川独活五分，白芍药（酒炒）一钱二分", "cook": "加生姜1片，大枣1枚，糯米百余粒，水煎，空心服。", "use": "胎动不安，胎漏。", "symptom": "胎动不安，胎漏。", "reason": "无。", "ban": "无。", "alter": "无。"}