{"name": "安胎饮", "provenance": "《叶氏女科》卷三", "recipe": "黄耆一钱（蜜炙），杜仲一钱（姜汁炒），茯苓一钱，黄芩一钱五分，白术（蜜炙黄）五分，阿胶（炒珠）二钱，续断八分，甘草三分，糯米100粒", "cook": "上为粗末。水煎，入酒1杯，和服。", "use": "妊娠7-8月后，或母有火，或起居不时致试痛，胎不安而痛不止，一阵慢一阵，或乍紧乍慢。", "symptom": "妊娠7-8月后，或母有火，或起居不时致试痛，胎不安而痛不止，一阵慢一阵，或乍紧乍慢。", "reason": "无。", "ban": "口渴者，切忌生冷水果。", "alter": "无。"}