{"name": "安胎枳实散", "provenance": "《医方类聚》卷二二七引《川玉集》", "recipe": "枳实二分（炒），艾叶一分，阿胶（炙）一分，前胡一分，芍药一分，石韦（去皮）一分", "cook": "上为散。每服一钱，加糯米1撮，葱白两茎（拍破），水1盏半，煎至1盏，去滓温服。", "use": "妇人妊娠伤寒，至5、6日未愈，心腹上气，焦渴不止，食饮不下，腰疼体重。", "symptom": "妇人妊娠伤寒，至5、6日未愈，心腹上气，焦渴不止，食饮不下，腰疼体重。", "reason": "无。", "ban": "无。", "alter": "无。"}