{"name": "安胎主膏", "provenance": "《理瀹》", "recipe": "党参二两，酒当归二两，熟地三两，酒条芩一两半，淮药一两半，白术一两半，酒川芎五钱，酒芍五钱，陈皮五钱，苏梗五钱，香附五钱，杜仲五钱，续断五钱，贝母五钱（一方加黄耆一两，生地一两）", "cook": "麻油熬，黄丹收，贴肾俞处。下血者，加桑寄生、阿胶各五钱；子肿，加姜皮、茯苓皮、大腹皮、陈皮、栀子末调；子喘、加马兜铃、桔梗、贝母；子痛，加防风、独活、羚羊屑；止呕定痛，加砂仁少许；肝脾血热，小便带血，加紫胡、黑山栀；胎动不安，1月用乌雌鸡，十月用猪腰入药。", "use": "安胎，止呕定痛。主下血，于肿，子喘，子痫，肝脾血热．小便带血，胎动不安。", "symptom": "安胎，止呕定痛。主下血，于肿，子喘，子痫，肝脾血热．小便带血，胎动不安。", "reason": "无。", "ban": "无。", "alter": "无。"}