{"name": "安土汤", "provenance": "《辨证录》卷十", "recipe": "白芍一两，白术一两，柴胡一钱，茯苓三钱，甘草一钱，苍术二钱，神曲二钱，炮姜一钱", "cook": "水煎服。", "use": "肝气旺盛，肝木脾土，土气不能伸，而肠中自鸣，终日不已，嗳气吞酸，无有休歇。", "symptom": "肝气旺盛，肝木脾土，土气不能伸，而肠中自鸣，终日不已，嗳气吞酸，无有休歇。", "reason": "无。", "ban": "无。", "alter": "无。"}