{"name": "安豚丹", "provenance": "《辨证录》卷九", "recipe": "人参五钱，白术五钱，肉桂一钱，山药一两，巴戟天五钱，蛇床子三钱，附子五分，茯苓三钱，远志一钱，甘草一钱", "cook": "水煎服。", "use": "补心肾之虚，温命门、心包之火，去脾经之湿。主心包、命门二经之火衰，外感寒邪，而发奔豚，如一裹之气从心而下，直至于阴囊之间，其势甚急，不可止遏，痛不可忍。", "symptom": "补心肾之虚，温命门、心包之火，去脾经之湿。主心包、命门二经之火衰，外感寒邪，而发奔豚，如一裹之气从心而下，直至于阴囊之间，其势甚急，不可止遏，痛不可忍。", "reason": "无。", "ban": "无。", "alter": "无。"}