{"name": "安胃白术散", "provenance": "《鸡峰》卷二十", "recipe": "白术二两，茯苓一两，藿香一两，厚朴一两，半夏一两，甘草一两，黄橘皮一两", "cook": "上为细末。每服二钱，水1盏，煎至6分，去滓温服，不拘时候。", "use": "脾胃气虚，胸膈膨闷，心腹胀满，呕逆恶心，噫气吞酸，口淡无味，四肢倦怠，全不思食。", "symptom": "脾胃气虚，胸膈膨闷，心腹胀满，呕逆恶心，噫气吞酸，口淡无味，四肢倦怠，全不思食。", "reason": "无。", "ban": "无。", "alter": "无。"}