{"name": "安胃定胎散", "provenance": "《产科心法》卷上", "recipe": "白术一钱，陈皮七分，砂仁五分，茯苓一钱，当归身八分，藿香三分", "cook": "加老姜1片，炒米二钱，水煎服。如恶心而吐痰者，加制半夏5分。", "use": "养血安胎。主妇人见食不喜食，或恶心而吐，或体倦欲卧，虽体质平常，孕脉不现。", "symptom": "养血安胎。主妇人见食不喜食，或恶心而吐，或体倦欲卧，虽体质平常，孕脉不现。", "reason": "无。", "ban": "无。", "alter": "无。"}