{"name": "安胃和脾散", "provenance": "《普济方》卷三九三", "recipe": "净苍术二两（用生姜二两，切作片子，一同捣烂，炒黄色），厚朴（去粗皮，同前治），小枣儿24个（去核，焙干），白术（去芦）半两，白茯苓（去皮）半两，广术（煨，锉）半两，青皮（去白）半两，木香半两，藿香叶半两，泽泻半两，缩砂仁半两，槟榔半两，甘草（炙，锉）半两，陈皮（去白）一两（一方无木香）", "cook": "上为细末。《古今医鉴》无青皮、陈皮，有人参。", "use": "小儿脾胃不和，中脘气痞，心腹胀满，全不思食，呕吐痰噎，逆气吞酸，面色痿黄，肌肉消瘦，腹胁刺痛，泄泻不止，便利不调，少力嗜卧，脾胃虚弱，饮食不化。", "symptom": "小儿脾胃不和，中脘气痞，心腹胀满，全不思食，呕吐痰噎，逆气吞酸，面色痿黄，肌肉消瘦，腹胁刺痛，泄泻不止，便利不调，少力嗜卧，脾胃虚弱，饮食不化。", "reason": "无。", "ban": "无。", "alter": "无。"}