{"name": "安胃和中汤", "provenance": "《玉案》卷四", "recipe": "山楂一钱五分，槟榔一钱五分，草果一钱五分，藿香一钱五分，白豆蔻一钱五分，半夏（姜矾制）一钱，南星（泡过）一钱，厚朴一钱，苏梗一钱", "cook": "加生姜10片，水煎服。", "use": "饮食过多，一时不能消化，胃窄不能容，又挟寒邪于内，而致呕吐者。", "symptom": "饮食过多，一时不能消化，胃窄不能容，又挟寒邪于内，而致呕吐者。", "reason": "无。", "ban": "无。", "alter": "无。"}